customer_id,gender,age,city,membership_type,total_spend,items_purchased,average_rating,discount_applied,days_since_last_purchase,satisfaction_level,clv,aov,purchase_frequency,recency_score,frequency_score,monetary_score,rfm_score,rfm_value,rfm_segment,age_group,spending_category,norm_frequency,norm_rating,norm_recency,engagement_score,discount_user,churn_risk
101,Female,29,New York,Gold,1120.2,14,4.6,True,25,Satisfied,1120.2,80.01428571428572,14,3,4,4,344,11,Loyal,Young (< 30),High Spender,0.5,0.8421052631578942,0.7037037037037037,66.37426900584794,1,Low Risk
102,Male,34,Los Angeles,Silver,780.5,11,4.1,False,18,Neutral,780.5,70.95454545454545,11,4,2,3,423,9,Potential Loyalist,Early 30s (30-34),High Spender,0.2857142857142857,0.5789473684210522,0.8333333333333334,53.796992481203,0,Low Risk
103,Female,43,Chicago,Bronze,510.75,9,3.4,True,42,Unsatisfied,510.75,56.75,9,1,1,2,112,4,Hibernating,Mature (40+),Medium Spender,0.1428571428571428,0.21052631578947367,0.38888888888888895,23.69674185463659,1,High Risk
104,Male,30,San Francisco,Gold,1480.3,19,4.7,False,12,Satisfied,1480.3,77.91052631578947,19,5,5,5,555,15,Champions,Early 30s (30-34),Premium Spender,0.857142857142857,0.8947368421052628,0.9444444444444444,89.4611528822055,0,Low Risk
105,Male,27,Miami,Silver,720.4,13,4.0,True,55,Unsatisfied,720.4,55.41538461538461,13,1,3,3,133,7,At Risk,Young (< 30),Medium Spender,0.4285714285714285,0.5263157894736841,0.14814814814814825,37.37677527151211,1,High Risk
106,Female,37,Houston,Bronze,440.8,8,3.1,False,22,Neutral,440.8,55.1,8,3,1,1,311,5,Need Attention,Late 30s (35-39),Low Spender,0.0714285714285714,0.05263157894736836,0.7592592592592593,27.213868003341684,0,Low Risk
107,Female,31,New York,Gold,1150.6,15,4.5,True,28,Satisfied,1150.6,76.70666666666666,15,2,4,4,244,10,Loyal,Early 30s (30-34),High Spender,0.5714285714285714,0.7894736842105261,0.6481481481481481,65.98579782790308,1,Low Risk
108,Male,35,Los Angeles,Silver,800.9,12,4.2,False,14,Neutral,800.9,66.74166666666666,12,5,3,3,533,11,Potential Loyalist,Late 30s (35-39),High Spender,0.3571428571428571,0.6315789473684208,0.9074074074074074,60.45530492898913,0,Low Risk
109,Female,41,Chicago,Bronze,495.25,10,3.6,True,40,Unsatisfied,495.25,49.525,10,1,2,2,122,5,Hibernating,Mature (40+),Low Spender,0.2142857142857142,0.3157894736842104,0.42592592592592593,30.822890559732656,1,Medium Risk
110,Male,28,San Francisco,Gold,1520.1,21,4.8,False,9,Satisfied,1520.1,72.38571428571429,21,5,5,5,555,15,Champions,Young (< 30),Premium Spender,1.0,0.9473684210526314,1.0,98.42105263157895,0,Low Risk
111,Male,32,Miami,Silver,690.3,11,3.8,True,34,Unsatisfied,690.3,62.75454545454545,11,2,2,2,222,6,Hibernating,Early 30s (30-34),Medium Spender,0.2857142857142857,0.4210526315789471,0.5370370370370371,40.171261487050955,1,Medium Risk
112,Female,36,Houston,Bronze,470.5,7,3.2,False,20,Neutral,470.5,67.21428571428571,7,4,1,1,411,6,New Customer,Late 30s (35-39),Low Spender,0.0,0.10526315789473695,0.7962962962962963,27.046783625730995,0,Low Risk
113,Female,30,New York,Gold,1200.8,16,4.3,True,21,Satisfied,1200.8,75.05,16,3,4,5,345,12,Loyal,Early 30s (30-34),Premium Spender,0.6428571428571428,0.6842105263157894,0.7777777777777778,69.57393483709274,1,Low Risk
114,Male,33,Los Angeles,Silver,820.75,13,4.4,False,15,Satisfied,820.75,63.13461538461539,13,4,3,4,434,11,Potential Loyalist,Early 30s (30-34),High Spender,0.4285714285714285,0.736842105263158,0.8888888888888888,65.91478696741855,0,Low Risk
115,Female,42,Chicago,Bronze,530.4,9,3.5,True,38,Unsatisfied,530.4,58.93333333333333,9,2,1,2,212,5,Hibernating,Mature (40+),Medium Spender,0.1428571428571428,0.26315789473684204,0.4629629629629629,27.49791144527986,1,Medium Risk
116,Male,29,San Francisco,Gold,1360.2,18,4.9,False,11,Satisfied,1360.2,75.56666666666666,18,5,5,5,555,15,Champions,Young (< 30),Premium Spender,0.7857142857142856,1.0,0.962962962962963,90.31746031746033,0,Low Risk
117,Male,26,Miami,Silver,700.6,12,3.7,True,48,Unsatisfied,700.6,58.38333333333333,12,1,3,3,133,7,At Risk,Young (< 30),Medium Spender,0.3571428571428571,0.368421052631579,0.2777777777777778,33.67167919799498,1,High Risk
118,Female,38,Houston,Bronze,450.9,8,3.0,False,25,Neutral,450.9,56.3625,8,3,1,1,311,5,Need Attention,Late 30s (35-39),Low Spender,0.0714285714285714,0.0,0.7037037037037037,23.968253968253965,0,Low Risk
119,Female,32,New York,Gold,1170.3,14,4.7,True,29,Satisfied,1170.3,83.59285714285714,14,2,4,4,244,10,Loyal,Early 30s (30-34),Premium Spender,0.5,0.8947368421052628,0.6296296296296297,65.73099415204678,1,Low Risk
120,Male,34,Los Angeles,Silver,790.2,11,4.0,False,16,Neutral,790.2,71.83636363636364,11,4,2,3,423,9,Potential Loyalist,Early 30s (30-34),High Spender,0.2857142857142857,0.5263157894736841,0.8703703703703703,53.32915622389306,0,Low Risk
121,Female,43,Chicago,Bronze,505.75,10,3.3,True,41,Unsatisfied,505.75,50.575,10,1,2,2,122,5,Hibernating,Mature (40+),Medium Spender,0.2142857142857142,0.1578947368421051,0.40740740740740744,25.53049289891395,1,High Risk
122,Male,30,San Francisco,Gold,1470.5,20,4.8,False,13,Satisfied,1470.5,73.525,20,5,5,5,555,15,Champions,Early 30s (30-34),Premium Spender,0.9285714285714284,0.9473684210526314,0.9259259259259259,93.34168755221386,0,Low Risk
123,Male,27,Miami,Silver,710.4,13,4.1,True,54,Unsatisfied,710.4,54.646153846153844,13,1,3,3,133,7,At Risk,Young (< 30),Medium Spender,0.4285714285714285,0.5789473684210522,0.16666666666666663,39.5112781954887,1,High Risk
124,Female,37,Houston,Bronze,430.8,7,3.4,False,23,Neutral,430.8,61.542857142857144,7,3,1,1,311,5,Need Attention,Late 30s (35-39),Low Spender,0.0,0.21052631578947367,0.7407407407407407,28.53801169590643,0,Low Risk
125,Female,31,New York,Gold,1140.6,15,4.6,True,27,Satisfied,1140.6,76.03999999999999,15,3,4,4,344,11,Loyal,Early 30s (30-34),High Spender,0.5714285714285714,0.8421052631578942,0.6666666666666666,68.12030075187968,1,Low Risk
126,Male,35,Los Angeles,Silver,810.9,12,4.3,False,13,Neutral,810.9,67.575,12,5,3,3,533,11,Potential Loyalist,Late 30s (35-39),High Spender,0.3571428571428571,0.6842105263157894,0.9259259259259259,62.58980785296575,0,Low Risk
127,Female,41,Chicago,Bronze,485.25,9,3.6,True,39,Unsatisfied,485.25,53.916666666666664,9,2,1,1,211,4,Hibernating,Mature (40+),Low Spender,0.1428571428571428,0.3157894736842104,0.4444444444444444,28.52130325814536,1,Medium Risk
128,Male,28,San Francisco,Gold,1500.1,21,4.9,False,10,Satisfied,1500.1,71.43333333333332,21,5,5,5,555,15,Champions,Young (< 30),Premium Spender,1.0,1.0,0.9814814814814815,99.44444444444444,0,Low Risk
129,Male,32,Miami,Silver,670.3,10,3.8,True,33,Unsatisfied,670.3,67.03,10,2,2,2,222,6,Hibernating,Early 30s (30-34),Medium Spender,0.2142857142857142,0.4210526315789471,0.5555555555555556,37.869674185463644,1,Medium Risk
130,Female,36,Houston,Bronze,460.5,8,3.1,False,19,Neutral,460.5,57.5625,8,4,1,1,411,6,New Customer,Late 30s (35-39),Low Spender,0.0714285714285714,0.05263157894736836,0.8148148148148148,28.880534670008352,0,Low Risk
131,Female,30,New York,Gold,1190.8,16,4.5,True,20,Satisfied,1190.8,74.425,16,4,4,4,444,12,Champions,Early 30s (30-34),Premium Spender,0.6428571428571428,0.7894736842105261,0.7962962962962963,73.28738512949037,1,Low Risk
132,Male,33,Los Angeles,Silver,830.75,13,4.2,False,14,Satisfied,830.75,63.90384615384615,13,5,3,4,534,12,Potential Loyalist,Early 30s (30-34),High Spender,0.4285714285714285,0.6315789473684208,0.9074074074074074,63.31244778613198,0,Low Risk
133,Female,42,Chicago,Bronze,520.4,9,3.5,True,37,Unsatisfied,520.4,57.82222222222222,9,2,1,2,212,5,Hibernating,Mature (40+),Medium Spender,0.1428571428571428,0.26315789473684204,0.4814814814814815,28.05346700083542,1,Medium Risk
134,Male,29,San Francisco,Gold,1370.2,18,4.7,False,10,Satisfied,1370.2,76.12222222222222,18,5,5,5,555,15,Champions,Young (< 30),Premium Spender,0.7857142857142856,0.8947368421052628,0.9814814814814815,87.71512113617376,0,Low Risk
135,Male,26,Miami,Silver,690.6,12,3.9,True,47,Unsatisfied,690.6,57.550000000000004,12,1,3,3,133,7,At Risk,Young (< 30),Medium Spender,0.3571428571428571,0.4736842105263155,0.2962962962962963,37.38512949039264,1,High Risk
136,Female,38,Houston,Bronze,440.9,8,3.2,False,24,Neutral,440.9,55.1125,8,3,1,1,311,5,Need Attention,Late 30s (35-39),Low Spender,0.0714285714285714,0.10526315789473695,0.7222222222222222,27.681704260651628,0,Low Risk
137,Female,32,New York,Gold,1160.3,14,4.4,True,22,Satisfied,1160.3,82.87857142857142,14,3,4,4,344,11,Loyal,Early 30s (30-34),High Spender,0.5,0.736842105263158,0.7592592592592593,64.88304093567253,1,Low Risk
138,Male,34,Los Angeles,Silver,800.2,11,4.1,False,17,Neutral,800.2,72.74545454545455,11,4,2,3,423,9,Potential Loyalist,Early 30s (30-34),High Spender,0.2857142857142857,0.5789473684210522,0.8518518518518519,54.35254803675855,0,Low Risk
139,Female,43,Chicago,Bronze,500.75,10,3.3,True,40,Unsatisfied,500.75,50.075,10,1,2,2,122,5,Hibernating,Mature (40+),Low Spender,0.2142857142857142,0.1578947368421051,0.42592592592592593,26.086048454469502,1,Medium Risk
140,Male,30,San Francisco,Gold,1460.5,20,4.8,False,12,Satisfied,1460.5,73.025,20,5,5,5,555,15,Champions,Early 30s (30-34),Premium Spender,0.9285714285714284,0.9473684210526314,0.9444444444444444,93.89724310776941,0,Low Risk
141,Male,27,Miami,Silver,700.4,13,4.0,True,53,Unsatisfied,700.4,53.87692307692308,13,1,3,3,133,7,At Risk,Young (< 30),Medium Spender,0.4285714285714285,0.5263157894736841,0.18518518518518523,38.48788638262322,1,High Risk
142,Female,37,Houston,Bronze,420.8,7,3.1,False,21,Neutral,420.8,60.114285714285714,7,3,1,1,311,5,Need Attention,Late 30s (35-39),Low Spender,0.0,0.05263157894736836,0.7777777777777778,24.912280701754387,0,Low Risk
143,Female,31,New York,Gold,1130.6,15,4.5,True,26,Satisfied,1130.6,75.37333333333332,15,3,4,4,344,11,Loyal,Early 30s (30-34),High Spender,0.5714285714285714,0.7894736842105261,0.6851851851851852,67.0969089390142,1,Low Risk
144,Male,35,Los Angeles,Silver,820.9,12,4.3,False,12,Neutral,820.9,68.40833333333333,12,5,3,4,534,12,Potential Loyalist,Late 30s (35-39),High Spender,0.3571428571428571,0.6842105263157894,0.9444444444444444,63.145363408521305,0,Low Risk
145,Female,41,Chicago,Bronze,480.25,9,3.6,True,38,Unsatisfied,480.25,53.361111111111114,9,2,1,1,211,4,Hibernating,Mature (40+),Low Spender,0.1428571428571428,0.3157894736842104,0.4629629629629629,29.076858813700913,1,Medium Risk
146,Male,28,San Francisco,Gold,1490.1,21,4.9,False,9,Satisfied,1490.1,70.95714285714286,21,5,5,5,555,15,Champions,Young (< 30),Premium Spender,1.0,1.0,1.0,100.0,0,Low Risk
147,Male,32,Miami,Silver,680.3,10,3.8,True,32,Unsatisfied,680.3,68.03,10,2,2,2,222,6,Hibernating,Early 30s (30-34),Medium Spender,0.2142857142857142,0.4210526315789471,0.5740740740740741,38.42522974101921,1,Medium Risk
148,Female,36,Houston,Bronze,470.5,8,3.0,False,18,Neutral,470.5,58.8125,8,4,1,1,411,6,New Customer,Late 30s (35-39),Low Spender,0.0714285714285714,0.0,0.8333333333333334,27.857142857142858,0,Low Risk
149,Female,30,New York,Gold,1180.8,16,4.7,True,19,Satisfied,1180.8,73.8,16,4,4,4,444,12,Champions,Early 30s (30-34),Premium Spender,0.6428571428571428,0.8947368421052628,0.8148148148148148,77.00083542188804,1,Low Risk
150,Male,34,Los Angeles,Silver,790.2,11,4.0,False,15,Neutral,790.2,71.83636363636364,11,4,2,3,423,9,Potential Loyalist,Early 30s (30-34),High Spender,0.2857142857142857,0.5263157894736841,0.8888888888888888,53.88471177944862,0,Low Risk
151,Female,43,Chicago,Bronze,505.75,10,3.3,True,39,Unsatisfied,505.75,50.575,10,2,2,2,222,6,Hibernating,Mature (40+),Medium Spender,0.2142857142857142,0.1578947368421051,0.4444444444444444,26.641604010025056,1,Medium Risk
152,Male,30,San Francisco,Gold,1470.5,20,4.8,False,13,Satisfied,1470.5,73.525,20,5,5,5,555,15,Champions,Early 30s (30-34),Premium Spender,0.9285714285714284,0.9473684210526314,0.9259259259259259,93.34168755221386,0,Low Risk
153,Male,27,Miami,Silver,710.4,13,4.1,True,54,Unsatisfied,710.4,54.646153846153844,13,1,3,3,133,7,At Risk,Young (< 30),Medium Spender,0.4285714285714285,0.5789473684210522,0.16666666666666663,39.5112781954887,1,High Risk
154,Female,37,Houston,Bronze,430.8,7,3.4,False,23,Neutral,430.8,61.542857142857144,7,3,1,1,311,5,Need Attention,Late 30s (35-39),Low Spender,0.0,0.21052631578947367,0.7407407407407407,28.53801169590643,0,Low Risk
155,Female,31,New York,Gold,1140.6,15,4.6,True,27,Satisfied,1140.6,76.03999999999999,15,3,4,4,344,11,Loyal,Early 30s (30-34),High Spender,0.5714285714285714,0.8421052631578942,0.6666666666666666,68.12030075187968,1,Low Risk
156,Male,35,Los Angeles,Silver,810.9,12,4.3,False,13,Neutral,810.9,67.575,12,5,3,3,533,11,Potential Loyalist,Late 30s (35-39),High Spender,0.3571428571428571,0.6842105263157894,0.9259259259259259,62.58980785296575,0,Low Risk
157,Female,41,Chicago,Bronze,485.25,9,3.6,True,39,Unsatisfied,485.25,53.916666666666664,9,2,1,1,211,4,Hibernating,Mature (40+),Low Spender,0.1428571428571428,0.3157894736842104,0.4444444444444444,28.52130325814536,1,Medium Risk
158,Male,28,San Francisco,Gold,1500.1,21,4.9,False,10,Satisfied,1500.1,71.43333333333332,21,5,5,5,555,15,Champions,Young (< 30),Premium Spender,1.0,1.0,0.9814814814814815,99.44444444444444,0,Low Risk
159,Male,32,Miami,Silver,670.3,10,3.8,True,33,Unsatisfied,670.3,67.03,10,2,2,2,222,6,Hibernating,Early 30s (30-34),Medium Spender,0.2142857142857142,0.4210526315789471,0.5555555555555556,37.869674185463644,1,Medium Risk
160,Female,36,Houston,Bronze,460.5,8,3.1,False,19,Neutral,460.5,57.5625,8,4,1,1,411,6,New Customer,Late 30s (35-39),Low Spender,0.0714285714285714,0.05263157894736836,0.8148148148148148,28.880534670008352,0,Low Risk
161,Female,30,New York,Gold,1190.8,16,4.5,True,20,Satisfied,1190.8,74.425,16,4,4,4,444,12,Champions,Early 30s (30-34),Premium Spender,0.6428571428571428,0.7894736842105261,0.7962962962962963,73.28738512949037,1,Low Risk
162,Male,33,Los Angeles,Silver,830.75,13,4.2,False,14,Satisfied,830.75,63.90384615384615,13,5,3,4,534,12,Potential Loyalist,Early 30s (30-34),High Spender,0.4285714285714285,0.6315789473684208,0.9074074074074074,63.31244778613198,0,Low Risk
163,Female,42,Chicago,Bronze,520.4,9,3.5,True,37,Unsatisfied,520.4,57.82222222222222,9,2,1,2,212,5,Hibernating,Mature (40+),Medium Spender,0.1428571428571428,0.26315789473684204,0.4814814814814815,28.05346700083542,1,Medium Risk
164,Male,29,San Francisco,Gold,1370.2,18,4.7,False,10,Satisfied,1370.2,76.12222222222222,18,5,5,5,555,15,Champions,Young (< 30),Premium Spender,0.7857142857142856,0.8947368421052628,0.9814814814814815,87.71512113617376,0,Low Risk
165,Male,26,Miami,Silver,690.6,12,3.9,True,47,Unsatisfied,690.6,57.550000000000004,12,1,3,3,133,7,At Risk,Young (< 30),Medium Spender,0.3571428571428571,0.4736842105263155,0.2962962962962963,37.38512949039264,1,High Risk
166,Female,38,Houston,Bronze,440.9,8,3.2,False,24,Neutral,440.9,55.1125,8,3,1,1,311,5,Need Attention,Late 30s (35-39),Low Spender,0.0714285714285714,0.10526315789473695,0.7222222222222222,27.681704260651628,0,Low Risk
167,Female,32,New York,Gold,1160.3,14,4.4,True,22,Satisfied,1160.3,82.87857142857142,14,3,4,4,344,11,Loyal,Early 30s (30-34),High Spender,0.5,0.736842105263158,0.7592592592592593,64.88304093567253,1,Low Risk
168,Male,34,Los Angeles,Silver,800.2,11,4.1,False,17,Neutral,800.2,72.74545454545455,11,4,2,3,423,9,Potential Loyalist,Early 30s (30-34),High Spender,0.2857142857142857,0.5789473684210522,0.8518518518518519,54.35254803675855,0,Low Risk
169,Female,43,Chicago,Bronze,500.75,10,3.3,True,40,Unsatisfied,500.75,50.075,10,1,2,2,122,5,Hibernating,Mature (40+),Low Spender,0.2142857142857142,0.1578947368421051,0.42592592592592593,26.086048454469502,1,Medium Risk
170,Male,30,San Francisco,Gold,1460.5,20,4.8,False,12,Satisfied,1460.5,73.025,20,5,5,5,555,15,Champions,Early 30s (30-34),Premium Spender,0.9285714285714284,0.9473684210526314,0.9444444444444444,93.89724310776941,0,Low Risk
171,Male,27,Miami,Silver,700.4,13,4.0,True,53,Unsatisfied,700.4,53.87692307692308,13,1,3,3,133,7,At Risk,Young (< 30),Medium Spender,0.4285714285714285,0.5263157894736841,0.18518518518518523,38.48788638262322,1,High Risk
172,Female,37,Houston,Bronze,420.8,7,3.1,False,21,Satisfied,420.8,60.114285714285714,7,3,1,1,311,5,Need Attention,Late 30s (35-39),Low Spender,0.0,0.05263157894736836,0.7777777777777778,24.912280701754387,0,Low Risk
173,Female,31,New York,Gold,1130.6,15,4.5,True,26,Satisfied,1130.6,75.37333333333332,15,3,4,4,344,11,Loyal,Early 30s (30-34),High Spender,0.5714285714285714,0.7894736842105261,0.6851851851851852,67.0969089390142,1,Low Risk
174,Male,35,Los Angeles,Silver,820.9,12,4.3,False,12,Neutral,820.9,68.40833333333333,12,5,3,4,534,12,Potential Loyalist,Late 30s (35-39),High Spender,0.3571428571428571,0.6842105263157894,0.9444444444444444,63.145363408521305,0,Low Risk
175,Female,41,Chicago,Bronze,480.25,9,3.6,True,38,Unsatisfied,480.25,53.361111111111114,9,2,1,1,211,4,Hibernating,Mature (40+),Low Spender,0.1428571428571428,0.3157894736842104,0.4629629629629629,29.076858813700913,1,Medium Risk
176,Male,28,San Francisco,Gold,1490.1,21,4.9,False,9,Satisfied,1490.1,70.95714285714286,21,5,5,5,555,15,Champions,Young (< 30),Premium Spender,1.0,1.0,1.0,100.0,0,Low Risk
177,Male,32,Miami,Silver,680.3,10,3.8,True,32,Unsatisfied,680.3,68.03,10,2,2,2,222,6,Hibernating,Early 30s (30-34),Medium Spender,0.2142857142857142,0.4210526315789471,0.5740740740740741,38.42522974101921,1,Medium Risk
178,Female,36,Houston,Bronze,470.5,8,3.0,False,18,Neutral,470.5,58.8125,8,4,1,1,411,6,New Customer,Late 30s (35-39),Low Spender,0.0714285714285714,0.0,0.8333333333333334,27.857142857142858,0,Low Risk
179,Female,30,New York,Gold,1180.8,16,4.7,True,19,Satisfied,1180.8,73.8,16,4,4,4,444,12,Champions,Early 30s (30-34),Premium Spender,0.6428571428571428,0.8947368421052628,0.8148148148148148,77.00083542188804,1,Low Risk
180,Male,34,Los Angeles,Silver,790.2,11,4.0,False,15,Neutral,790.2,71.83636363636364,11,4,2,3,423,9,Potential Loyalist,Early 30s (30-34),High Spender,0.2857142857142857,0.5263157894736841,0.8888888888888888,53.88471177944862,0,Low Risk
181,Female,43,Chicago,Bronze,505.75,10,3.3,True,39,Unsatisfied,505.75,50.575,10,2,2,2,222,6,Hibernating,Mature (40+),Medium Spender,0.2142857142857142,0.1578947368421051,0.4444444444444444,26.641604010025056,1,Medium Risk
182,Male,30,San Francisco,Gold,1470.5,20,4.8,False,13,Satisfied,1470.5,73.525,20,5,5,5,555,15,Champions,Early 30s (30-34),Premium Spender,0.9285714285714284,0.9473684210526314,0.9259259259259259,93.34168755221386,0,Low Risk
183,Male,27,Miami,Silver,710.4,13,4.1,True,54,Unsatisfied,710.4,54.646153846153844,13,1,3,3,133,7,At Risk,Young (< 30),Medium Spender,0.4285714285714285,0.5789473684210522,0.16666666666666663,39.5112781954887,1,High Risk
184,Female,37,Houston,Bronze,430.8,7,3.4,False,23,Neutral,430.8,61.542857142857144,7,3,1,1,311,5,Need Attention,Late 30s (35-39),Low Spender,0.0,0.21052631578947367,0.7407407407407407,28.53801169590643,0,Low Risk
185,Female,31,New York,Gold,1140.6,15,4.6,True,27,Satisfied,1140.6,76.03999999999999,15,3,4,4,344,11,Loyal,Early 30s (30-34),High Spender,0.5714285714285714,0.8421052631578942,0.6666666666666666,68.12030075187968,1,Low Risk
186,Male,35,Los Angeles,Silver,810.9,12,4.3,False,13,Neutral,810.9,67.575,12,5,3,3,533,11,Potential Loyalist,Late 30s (35-39),High Spender,0.3571428571428571,0.6842105263157894,0.9259259259259259,62.58980785296575,0,Low Risk
187,Female,41,Chicago,Bronze,485.25,9,3.6,True,39,Unsatisfied,485.25,53.916666666666664,9,2,1,1,211,4,Hibernating,Mature (40+),Low Spender,0.1428571428571428,0.3157894736842104,0.4444444444444444,28.52130325814536,1,Medium Risk
188,Male,28,San Francisco,Gold,1500.1,21,4.9,False,10,Satisfied,1500.1,71.43333333333332,21,5,5,5,555,15,Champions,Young (< 30),Premium Spender,1.0,1.0,0.9814814814814815,99.44444444444444,0,Low Risk
189,Male,32,Miami,Silver,670.3,10,3.8,True,33,Unsatisfied,670.3,67.03,10,2,2,2,222,6,Hibernating,Early 30s (30-34),Medium Spender,0.2142857142857142,0.4210526315789471,0.5555555555555556,37.869674185463644,1,Medium Risk
190,Female,36,Houston,Bronze,460.5,8,3.1,False,19,Neutral,460.5,57.5625,8,4,1,1,411,6,New Customer,Late 30s (35-39),Low Spender,0.0714285714285714,0.05263157894736836,0.8148148148148148,28.880534670008352,0,Low Risk
191,Female,30,New York,Gold,1190.8,16,4.5,True,20,Satisfied,1190.8,74.425,16,4,4,4,444,12,Champions,Early 30s (30-34),Premium Spender,0.6428571428571428,0.7894736842105261,0.7962962962962963,73.28738512949037,1,Low Risk
192,Male,33,Los Angeles,Silver,830.75,13,4.2,False,14,Satisfied,830.75,63.90384615384615,13,5,3,4,534,12,Potential Loyalist,Early 30s (30-34),High Spender,0.4285714285714285,0.6315789473684208,0.9074074074074074,63.31244778613198,0,Low Risk
193,Female,42,Chicago,Bronze,520.4,9,3.5,True,37,Unsatisfied,520.4,57.82222222222222,9,2,1,2,212,5,Hibernating,Mature (40+),Medium Spender,0.1428571428571428,0.26315789473684204,0.4814814814814815,28.05346700083542,1,Medium Risk
194,Male,29,San Francisco,Gold,1370.2,18,4.7,False,10,Satisfied,1370.2,76.12222222222222,18,5,5,5,555,15,Champions,Young (< 30),Premium Spender,0.7857142857142856,0.8947368421052628,0.9814814814814815,87.71512113617376,0,Low Risk
195,Male,26,Miami,Silver,690.6,12,3.9,True,47,Unsatisfied,690.6,57.550000000000004,12,1,3,3,133,7,At Risk,Young (< 30),Medium Spender,0.3571428571428571,0.4736842105263155,0.2962962962962963,37.38512949039264,1,High Risk
196,Female,38,Houston,Bronze,440.9,8,3.2,False,24,Neutral,440.9,55.1125,8,3,1,1,311,5,Need Attention,Late 30s (35-39),Low Spender,0.0714285714285714,0.10526315789473695,0.7222222222222222,27.681704260651628,0,Low Risk
197,Female,32,New York,Gold,1160.3,14,4.4,True,22,Satisfied,1160.3,82.87857142857142,14,3,4,4,344,11,Loyal,Early 30s (30-34),High Spender,0.5,0.736842105263158,0.7592592592592593,64.88304093567253,1,Low Risk
198,Male,34,Los Angeles,Silver,800.2,11,4.1,False,17,Neutral,800.2,72.74545454545455,11,4,2,3,423,9,Potential Loyalist,Early 30s (30-34),High Spender,0.2857142857142857,0.5789473684210522,0.8518518518518519,54.35254803675855,0,Low Risk
199,Female,43,Chicago,Bronze,500.75,10,3.3,True,40,Unsatisfied,500.75,50.075,10,1,2,2,122,5,Hibernating,Mature (40+),Low Spender,0.2142857142857142,0.1578947368421051,0.42592592592592593,26.086048454469502,1,Medium Risk
200,Male,30,San Francisco,Gold,1460.5,20,4.8,False,12,Satisfied,1460.5,73.025,20,5,5,5,555,15,Champions,Early 30s (30-34),Premium Spender,0.9285714285714284,0.9473684210526314,0.9444444444444444,93.89724310776941,0,Low Risk
201,Male,27,Miami,Silver,700.4,13,4.0,True,53,Unsatisfied,700.4,53.87692307692308,13,1,3,3,133,7,At Risk,Young (< 30),Medium Spender,0.4285714285714285,0.5263157894736841,0.18518518518518523,38.48788638262322,1,High Risk
202,Female,37,Houston,Bronze,420.8,7,3.1,False,21,Neutral,420.8,60.114285714285714,7,3,1,1,311,5,Need Attention,Late 30s (35-39),Low Spender,0.0,0.05263157894736836,0.7777777777777778,24.912280701754387,0,Low Risk
203,Female,31,New York,Gold,1130.6,15,4.5,True,26,Satisfied,1130.6,75.37333333333332,15,3,4,4,344,11,Loyal,Early 30s (30-34),High Spender,0.5714285714285714,0.7894736842105261,0.6851851851851852,67.0969089390142,1,Low Risk
204,Male,35,Los Angeles,Silver,820.9,12,4.3,False,12,Neutral,820.9,68.40833333333333,12,5,3,4,534,12,Potential Loyalist,Late 30s (35-39),High Spender,0.3571428571428571,0.6842105263157894,0.9444444444444444,63.145363408521305,0,Low Risk
205,Female,41,Chicago,Bronze,480.25,9,3.6,True,38,Unsatisfied,480.25,53.361111111111114,9,2,1,1,211,4,Hibernating,Mature (40+),Low Spender,0.1428571428571428,0.3157894736842104,0.4629629629629629,29.076858813700913,1,Medium Risk
206,Male,28,San Francisco,Gold,1490.1,21,4.9,False,9,Satisfied,1490.1,70.95714285714286,21,5,5,5,555,15,Champions,Young (< 30),Premium Spender,1.0,1.0,1.0,100.0,0,Low Risk
207,Male,32,Miami,Silver,680.3,10,3.8,True,32,Unsatisfied,680.3,68.03,10,2,2,2,222,6,Hibernating,Early 30s (30-34),Medium Spender,0.2142857142857142,0.4210526315789471,0.5740740740740741,38.42522974101921,1,Medium Risk
208,Female,36,Houston,Bronze,470.5,8,3.0,False,18,Neutral,470.5,58.8125,8,4,1,1,411,6,New Customer,Late 30s (35-39),Low Spender,0.0714285714285714,0.0,0.8333333333333334,27.857142857142858,0,Low Risk
209,Female,30,New York,Gold,1180.8,16,4.7,True,19,Satisfied,1180.8,73.8,16,4,4,4,444,12,Champions,Early 30s (30-34),Premium Spender,0.6428571428571428,0.8947368421052628,0.8148148148148148,77.00083542188804,1,Low Risk
210,Male,34,Los Angeles,Silver,790.2,11,4.0,False,15,Neutral,790.2,71.83636363636364,11,4,2,3,423,9,Potential Loyalist,Early 30s (30-34),High Spender,0.2857142857142857,0.5263157894736841,0.8888888888888888,53.88471177944862,0,Low Risk
211,Female,43,Chicago,Bronze,505.75,10,3.3,True,39,Unsatisfied,505.75,50.575,10,2,2,2,222,6,Hibernating,Mature (40+),Medium Spender,0.2142857142857142,0.1578947368421051,0.4444444444444444,26.641604010025056,1,Medium Risk
212,Male,30,San Francisco,Gold,1470.5,20,4.8,False,13,Satisfied,1470.5,73.525,20,5,5,5,555,15,Champions,Early 30s (30-34),Premium Spender,0.9285714285714284,0.9473684210526314,0.9259259259259259,93.34168755221386,0,Low Risk
213,Male,27,Miami,Silver,710.4,13,4.1,True,54,Unsatisfied,710.4,54.646153846153844,13,1,3,3,133,7,At Risk,Young (< 30),Medium Spender,0.4285714285714285,0.5789473684210522,0.16666666666666663,39.5112781954887,1,High Risk
214,Female,37,Houston,Bronze,430.8,7,3.4,False,23,Neutral,430.8,61.542857142857144,7,3,1,1,311,5,Need Attention,Late 30s (35-39),Low Spender,0.0,0.21052631578947367,0.7407407407407407,28.53801169590643,0,Low Risk
215,Female,31,New York,Gold,1140.6,15,4.6,True,27,Satisfied,1140.6,76.03999999999999,15,3,4,4,344,11,Loyal,Early 30s (30-34),High Spender,0.5714285714285714,0.8421052631578942,0.6666666666666666,68.12030075187968,1,Low Risk
216,Male,35,Los Angeles,Silver,810.9,12,4.3,False,13,Neutral,810.9,67.575,12,5,3,3,533,11,Potential Loyalist,Late 30s (35-39),High Spender,0.3571428571428571,0.6842105263157894,0.9259259259259259,62.58980785296575,0,Low Risk
217,Female,41,Chicago,Bronze,485.25,9,3.6,True,39,Unsatisfied,485.25,53.916666666666664,9,2,1,1,211,4,Hibernating,Mature (40+),Low Spender,0.1428571428571428,0.3157894736842104,0.4444444444444444,28.52130325814536,1,Medium Risk
218,Male,28,San Francisco,Gold,1500.1,21,4.9,False,10,Satisfied,1500.1,71.43333333333332,21,5,5,5,555,15,Champions,Young (< 30),Premium Spender,1.0,1.0,0.9814814814814815,99.44444444444444,0,Low Risk
219,Male,32,Miami,Silver,670.3,10,3.8,True,33,Unsatisfied,670.3,67.03,10,2,2,2,222,6,Hibernating,Early 30s (30-34),Medium Spender,0.2142857142857142,0.4210526315789471,0.5555555555555556,37.869674185463644,1,Medium Risk
220,Female,36,Houston,Bronze,460.5,8,3.1,False,19,Neutral,460.5,57.5625,8,4,1,1,411,6,New Customer,Late 30s (35-39),Low Spender,0.0714285714285714,0.05263157894736836,0.8148148148148148,28.880534670008352,0,Low Risk
221,Female,30,New York,Gold,1190.8,16,4.5,True,20,Satisfied,1190.8,74.425,16,4,4,4,444,12,Champions,Early 30s (30-34),Premium Spender,0.6428571428571428,0.7894736842105261,0.7962962962962963,73.28738512949037,1,Low Risk
222,Male,33,Los Angeles,Silver,830.75,13,4.2,False,14,Satisfied,830.75,63.90384615384615,13,5,3,4,534,12,Potential Loyalist,Early 30s (30-34),High Spender,0.4285714285714285,0.6315789473684208,0.9074074074074074,63.31244778613198,0,Low Risk
223,Female,42,Chicago,Bronze,520.4,9,3.5,True,37,Unsatisfied,520.4,57.82222222222222,9,2,1,2,212,5,Hibernating,Mature (40+),Medium Spender,0.1428571428571428,0.26315789473684204,0.4814814814814815,28.05346700083542,1,Medium Risk
224,Male,29,San Francisco,Gold,1370.2,18,4.7,False,10,Satisfied,1370.2,76.12222222222222,18,5,5,5,555,15,Champions,Young (< 30),Premium Spender,0.7857142857142856,0.8947368421052628,0.9814814814814815,87.71512113617376,0,Low Risk
225,Male,26,Miami,Silver,690.6,12,3.9,True,47,Unsatisfied,690.6,57.550000000000004,12,1,3,3,133,7,At Risk,Young (< 30),Medium Spender,0.3571428571428571,0.4736842105263155,0.2962962962962963,37.38512949039264,1,High Risk
226,Female,38,Houston,Bronze,440.9,8,3.2,False,24,Neutral,440.9,55.1125,8,3,1,1,311,5,Need Attention,Late 30s (35-39),Low Spender,0.0714285714285714,0.10526315789473695,0.7222222222222222,27.681704260651628,0,Low Risk
227,Female,32,New York,Gold,1160.3,14,4.4,True,22,Satisfied,1160.3,82.87857142857142,14,3,4,4,344,11,Loyal,Early 30s (30-34),High Spender,0.5,0.736842105263158,0.7592592592592593,64.88304093567253,1,Low Risk
228,Male,34,Los Angeles,Silver,800.2,11,4.1,False,17,Neutral,800.2,72.74545454545455,11,4,2,3,423,9,Potential Loyalist,Early 30s (30-34),High Spender,0.2857142857142857,0.5789473684210522,0.8518518518518519,54.35254803675855,0,Low Risk
229,Female,43,Chicago,Bronze,500.75,10,3.3,True,40,Unsatisfied,500.75,50.075,10,1,2,2,122,5,Hibernating,Mature (40+),Low Spender,0.2142857142857142,0.1578947368421051,0.42592592592592593,26.086048454469502,1,Medium Risk
230,Male,30,San Francisco,Gold,1460.5,20,4.8,False,12,Satisfied,1460.5,73.025,20,5,5,5,555,15,Champions,Early 30s (30-34),Premium Spender,0.9285714285714284,0.9473684210526314,0.9444444444444444,93.89724310776941,0,Low Risk
231,Male,27,Miami,Silver,700.4,13,4.0,True,53,Unsatisfied,700.4,53.87692307692308,13,1,3,3,133,7,At Risk,Young (< 30),Medium Spender,0.4285714285714285,0.5263157894736841,0.18518518518518523,38.48788638262322,1,High Risk
232,Female,37,Houston,Bronze,420.8,7,3.1,False,21,Neutral,420.8,60.114285714285714,7,3,1,1,311,5,Need Attention,Late 30s (35-39),Low Spender,0.0,0.05263157894736836,0.7777777777777778,24.912280701754387,0,Low Risk
233,Female,31,New York,Gold,1130.6,15,4.5,True,26,Satisfied,1130.6,75.37333333333332,15,3,4,4,344,11,Loyal,Early 30s (30-34),High Spender,0.5714285714285714,0.7894736842105261,0.6851851851851852,67.0969089390142,1,Low Risk
234,Male,35,Los Angeles,Silver,820.9,12,4.3,False,12,Neutral,820.9,68.40833333333333,12,5,3,4,534,12,Potential Loyalist,Late 30s (35-39),High Spender,0.3571428571428571,0.6842105263157894,0.9444444444444444,63.145363408521305,0,Low Risk
235,Female,41,Chicago,Bronze,480.25,9,3.6,True,38,Unsatisfied,480.25,53.361111111111114,9,2,1,1,211,4,Hibernating,Mature (40+),Low Spender,0.1428571428571428,0.3157894736842104,0.4629629629629629,29.076858813700913,1,Medium Risk
236,Male,28,San Francisco,Gold,1490.1,21,4.9,False,9,Satisfied,1490.1,70.95714285714286,21,5,5,5,555,15,Champions,Young (< 30),Premium Spender,1.0,1.0,1.0,100.0,0,Low Risk
237,Male,32,Miami,Silver,680.3,10,3.8,True,32,Unsatisfied,680.3,68.03,10,2,2,2,222,6,Hibernating,Early 30s (30-34),Medium Spender,0.2142857142857142,0.4210526315789471,0.5740740740740741,38.42522974101921,1,Medium Risk
238,Female,36,Houston,Bronze,470.5,8,3.0,False,18,Neutral,470.5,58.8125,8,4,1,1,411,6,New Customer,Late 30s (35-39),Low Spender,0.0714285714285714,0.0,0.8333333333333334,27.857142857142858,0,Low Risk
239,Female,30,New York,Gold,1180.8,16,4.7,True,19,Satisfied,1180.8,73.8,16,4,4,4,444,12,Champions,Early 30s (30-34),Premium Spender,0.6428571428571428,0.8947368421052628,0.8148148148148148,77.00083542188804,1,Low Risk
240,Male,34,Los Angeles,Silver,790.2,11,4.0,False,15,Neutral,790.2,71.83636363636364,11,4,2,3,423,9,Potential Loyalist,Early 30s (30-34),High Spender,0.2857142857142857,0.5263157894736841,0.8888888888888888,53.88471177944862,0,Low Risk
241,Female,43,Chicago,Bronze,505.75,10,3.3,True,39,Unsatisfied,505.75,50.575,10,2,2,2,222,6,Hibernating,Mature (40+),Medium Spender,0.2142857142857142,0.1578947368421051,0.4444444444444444,26.641604010025056,1,Medium Risk
242,Male,30,San Francisco,Gold,1470.5,20,4.8,False,13,Satisfied,1470.5,73.525,20,5,5,5,555,15,Champions,Early 30s (30-34),Premium Spender,0.9285714285714284,0.9473684210526314,0.9259259259259259,93.34168755221386,0,Low Risk
243,Male,27,Miami,Silver,710.4,13,4.1,True,54,Unsatisfied,710.4,54.646153846153844,13,1,3,3,133,7,At Risk,Young (< 30),Medium Spender,0.4285714285714285,0.5789473684210522,0.16666666666666663,39.5112781954887,1,High Risk
244,Female,37,Houston,Bronze,430.8,7,3.4,False,23,Satisfied,430.8,61.542857142857144,7,3,1,1,311,5,Need Attention,Late 30s (35-39),Low Spender,0.0,0.21052631578947367,0.7407407407407407,28.53801169590643,0,Low Risk
245,Female,31,New York,Gold,1130.6,15,4.5,True,26,Satisfied,1130.6,75.37333333333332,15,3,4,4,344,11,Loyal,Early 30s (30-34),High Spender,0.5714285714285714,0.7894736842105261,0.6851851851851852,67.0969089390142,1,Low Risk
246,Male,35,Los Angeles,Silver,820.9,12,4.3,False,12,Neutral,820.9,68.40833333333333,12,5,3,4,534,12,Potential Loyalist,Late 30s (35-39),High Spender,0.3571428571428571,0.6842105263157894,0.9444444444444444,63.145363408521305,0,Low Risk
247,Female,41,Chicago,Bronze,480.25,9,3.6,True,38,Unsatisfied,480.25,53.361111111111114,9,2,1,1,211,4,Hibernating,Mature (40+),Low Spender,0.1428571428571428,0.3157894736842104,0.4629629629629629,29.076858813700913,1,Medium Risk
248,Male,28,San Francisco,Gold,1490.1,21,4.9,False,9,Satisfied,1490.1,70.95714285714286,21,5,5,5,555,15,Champions,Young (< 30),Premium Spender,1.0,1.0,1.0,100.0,0,Low Risk
249,Male,32,Miami,Silver,680.3,10,3.8,True,32,Unsatisfied,680.3,68.03,10,2,2,2,222,6,Hibernating,Early 30s (30-34),Medium Spender,0.2142857142857142,0.4210526315789471,0.5740740740740741,38.42522974101921,1,Medium Risk
250,Female,36,Houston,Bronze,470.5,8,3.0,False,18,Neutral,470.5,58.8125,8,4,1,1,411,6,New Customer,Late 30s (35-39),Low Spender,0.0714285714285714,0.0,0.8333333333333334,27.857142857142858,0,Low Risk
251,Female,30,New York,Gold,1180.8,16,4.7,True,19,Satisfied,1180.8,73.8,16,4,4,4,444,12,Champions,Early 30s (30-34),Premium Spender,0.6428571428571428,0.8947368421052628,0.8148148148148148,77.00083542188804,1,Low Risk
252,Male,34,Los Angeles,Silver,790.2,11,4.0,False,15,Neutral,790.2,71.83636363636364,11,4,2,3,423,9,Potential Loyalist,Early 30s (30-34),High Spender,0.2857142857142857,0.5263157894736841,0.8888888888888888,53.88471177944862,0,Low Risk
253,Female,43,Chicago,Bronze,505.75,10,3.3,True,39,Unsatisfied,505.75,50.575,10,2,2,2,222,6,Hibernating,Mature (40+),Medium Spender,0.2142857142857142,0.1578947368421051,0.4444444444444444,26.641604010025056,1,Medium Risk
254,Male,30,San Francisco,Gold,1470.5,20,4.8,False,13,Satisfied,1470.5,73.525,20,5,5,5,555,15,Champions,Early 30s (30-34),Premium Spender,0.9285714285714284,0.9473684210526314,0.9259259259259259,93.34168755221386,0,Low Risk
255,Male,27,Miami,Silver,710.4,13,4.1,True,54,Unsatisfied,710.4,54.646153846153844,13,1,3,3,133,7,At Risk,Young (< 30),Medium Spender,0.4285714285714285,0.5789473684210522,0.16666666666666663,39.5112781954887,1,High Risk
256,Female,37,Houston,Bronze,430.8,7,3.4,False,23,Neutral,430.8,61.542857142857144,7,3,1,1,311,5,Need Attention,Late 30s (35-39),Low Spender,0.0,0.21052631578947367,0.7407407407407407,28.53801169590643,0,Low Risk
257,Female,31,New York,Gold,1140.6,15,4.6,True,27,Satisfied,1140.6,76.03999999999999,15,3,4,4,344,11,Loyal,Early 30s (30-34),High Spender,0.5714285714285714,0.8421052631578942,0.6666666666666666,68.12030075187968,1,Low Risk
258,Male,35,Los Angeles,Silver,810.9,12,4.3,False,13,Neutral,810.9,67.575,12,5,3,3,533,11,Potential Loyalist,Late 30s (35-39),High Spender,0.3571428571428571,0.6842105263157894,0.9259259259259259,62.58980785296575,0,Low Risk
259,Female,41,Chicago,Bronze,485.25,9,3.6,True,39,Unsatisfied,485.25,53.916666666666664,9,2,1,1,211,4,Hibernating,Mature (40+),Low Spender,0.1428571428571428,0.3157894736842104,0.4444444444444444,28.52130325814536,1,Medium Risk
260,Male,28,San Francisco,Gold,1500.1,21,4.9,False,10,Satisfied,1500.1,71.43333333333332,21,5,5,5,555,15,Champions,Young (< 30),Premium Spender,1.0,1.0,0.9814814814814815,99.44444444444444,0,Low Risk
261,Male,32,Miami,Silver,670.3,10,3.8,True,33,Unsatisfied,670.3,67.03,10,2,2,2,222,6,Hibernating,Early 30s (30-34),Medium Spender,0.2142857142857142,0.4210526315789471,0.5555555555555556,37.869674185463644,1,Medium Risk
262,Female,36,Houston,Bronze,460.5,8,3.1,False,19,Neutral,460.5,57.5625,8,4,1,1,411,6,New Customer,Late 30s (35-39),Low Spender,0.0714285714285714,0.05263157894736836,0.8148148148148148,28.880534670008352,0,Low Risk
263,Female,30,New York,Gold,1190.8,16,4.5,True,20,Satisfied,1190.8,74.425,16,4,4,4,444,12,Champions,Early 30s (30-34),Premium Spender,0.6428571428571428,0.7894736842105261,0.7962962962962963,73.28738512949037,1,Low Risk
264,Male,33,Los Angeles,Silver,830.75,13,4.2,False,14,Satisfied,830.75,63.90384615384615,13,5,3,4,534,12,Potential Loyalist,Early 30s (30-34),High Spender,0.4285714285714285,0.6315789473684208,0.9074074074074074,63.31244778613198,0,Low Risk
265,Female,42,Chicago,Bronze,520.4,9,3.5,True,37,Unsatisfied,520.4,57.82222222222222,9,2,1,2,212,5,Hibernating,Mature (40+),Medium Spender,0.1428571428571428,0.26315789473684204,0.4814814814814815,28.05346700083542,1,Medium Risk
266,Male,29,San Francisco,Gold,1370.2,18,4.7,False,10,Satisfied,1370.2,76.12222222222222,18,5,5,5,555,15,Champions,Young (< 30),Premium Spender,0.7857142857142856,0.8947368421052628,0.9814814814814815,87.71512113617376,0,Low Risk
267,Male,26,Miami,Silver,690.6,12,3.9,True,47,Unsatisfied,690.6,57.550000000000004,12,1,3,3,133,7,At Risk,Young (< 30),Medium Spender,0.3571428571428571,0.4736842105263155,0.2962962962962963,37.38512949039264,1,High Risk
268,Female,38,Houston,Bronze,440.9,8,3.2,False,24,Neutral,440.9,55.1125,8,3,1,1,311,5,Need Attention,Late 30s (35-39),Low Spender,0.0714285714285714,0.10526315789473695,0.7222222222222222,27.681704260651628,0,Low Risk
269,Female,32,New York,Gold,1160.3,14,4.4,True,22,Satisfied,1160.3,82.87857142857142,14,3,4,4,344,11,Loyal,Early 30s (30-34),High Spender,0.5,0.736842105263158,0.7592592592592593,64.88304093567253,1,Low Risk
270,Male,34,Los Angeles,Silver,800.2,11,4.1,False,17,Neutral,800.2,72.74545454545455,11,4,2,3,423,9,Potential Loyalist,Early 30s (30-34),High Spender,0.2857142857142857,0.5789473684210522,0.8518518518518519,54.35254803675855,0,Low Risk
271,Female,43,Chicago,Bronze,500.75,10,3.3,True,40,Unsatisfied,500.75,50.075,10,1,2,2,122,5,Hibernating,Mature (40+),Low Spender,0.2142857142857142,0.1578947368421051,0.42592592592592593,26.086048454469502,1,Medium Risk
272,Male,30,San Francisco,Gold,1460.5,20,4.8,False,12,Satisfied,1460.5,73.025,20,5,5,5,555,15,Champions,Early 30s (30-34),Premium Spender,0.9285714285714284,0.9473684210526314,0.9444444444444444,93.89724310776941,0,Low Risk
273,Male,27,Miami,Silver,700.4,13,4.0,True,53,Unsatisfied,700.4,53.87692307692308,13,1,3,3,133,7,At Risk,Young (< 30),Medium Spender,0.4285714285714285,0.5263157894736841,0.18518518518518523,38.48788638262322,1,High Risk
274,Female,37,Houston,Bronze,430.8,7,3.4,False,23,Neutral,430.8,61.542857142857144,7,3,1,1,311,5,Need Attention,Late 30s (35-39),Low Spender,0.0,0.21052631578947367,0.7407407407407407,28.53801169590643,0,Low Risk
275,Female,31,New York,Gold,1140.6,15,4.5,True,27,Satisfied,1140.6,76.03999999999999,15,3,4,4,344,11,Loyal,Early 30s (30-34),High Spender,0.5714285714285714,0.7894736842105261,0.6666666666666666,66.54135338345864,1,Low Risk
276,Male,35,Los Angeles,Silver,820.9,12,4.3,False,12,Neutral,820.9,68.40833333333333,12,5,3,4,534,12,Potential Loyalist,Late 30s (35-39),High Spender,0.3571428571428571,0.6842105263157894,0.9444444444444444,63.145363408521305,0,Low Risk
277,Female,41,Chicago,Bronze,480.25,9,3.6,True,38,Unsatisfied,480.25,53.361111111111114,9,2,1,1,211,4,Hibernating,Mature (40+),Low Spender,0.1428571428571428,0.3157894736842104,0.4629629629629629,29.076858813700913,1,Medium Risk
278,Male,28,San Francisco,Gold,1490.1,21,4.9,False,9,Satisfied,1490.1,70.95714285714286,21,5,5,5,555,15,Champions,Young (< 30),Premium Spender,1.0,1.0,1.0,100.0,0,Low Risk
279,Male,32,Miami,Silver,680.3,10,3.8,True,32,Unsatisfied,680.3,68.03,10,2,2,2,222,6,Hibernating,Early 30s (30-34),Medium Spender,0.2142857142857142,0.4210526315789471,0.5740740740740741,38.42522974101921,1,Medium Risk
280,Female,36,Houston,Bronze,470.5,8,3.0,False,18,Neutral,470.5,58.8125,8,4,1,1,411,6,New Customer,Late 30s (35-39),Low Spender,0.0714285714285714,0.0,0.8333333333333334,27.857142857142858,0,Low Risk
281,Female,30,New York,Gold,1180.8,16,4.7,True,19,Satisfied,1180.8,73.8,16,4,4,4,444,12,Champions,Early 30s (30-34),Premium Spender,0.6428571428571428,0.8947368421052628,0.8148148148148148,77.00083542188804,1,Low Risk
282,Male,34,Los Angeles,Silver,790.2,11,4.0,False,15,Neutral,790.2,71.83636363636364,11,4,2,3,423,9,Potential Loyalist,Early 30s (30-34),High Spender,0.2857142857142857,0.5263157894736841,0.8888888888888888,53.88471177944862,0,Low Risk
283,Female,43,Chicago,Bronze,505.75,10,3.3,True,39,Unsatisfied,505.75,50.575,10,2,2,2,222,6,Hibernating,Mature (40+),Medium Spender,0.2142857142857142,0.1578947368421051,0.4444444444444444,26.641604010025056,1,Medium Risk
284,Male,30,San Francisco,Gold,1470.5,20,4.8,False,13,Satisfied,1470.5,73.525,20,5,5,5,555,15,Champions,Early 30s (30-34),Premium Spender,0.9285714285714284,0.9473684210526314,0.9259259259259259,93.34168755221386,0,Low Risk
285,Male,27,Miami,Silver,710.4,13,4.1,True,54,Unsatisfied,710.4,54.646153846153844,13,1,3,3,133,7,At Risk,Young (< 30),Medium Spender,0.4285714285714285,0.5789473684210522,0.16666666666666663,39.5112781954887,1,High Risk
286,Female,37,Houston,Bronze,430.8,7,3.4,False,23,Neutral,430.8,61.542857142857144,7,3,1,1,311,5,Need Attention,Late 30s (35-39),Low Spender,0.0,0.21052631578947367,0.7407407407407407,28.53801169590643,0,Low Risk
287,Female,31,New York,Gold,1130.6,15,4.5,True,26,Satisfied,1130.6,75.37333333333332,15,3,4,4,344,11,Loyal,Early 30s (30-34),High Spender,0.5714285714285714,0.7894736842105261,0.6851851851851852,67.0969089390142,1,Low Risk
288,Male,35,Los Angeles,Silver,820.9,12,4.3,False,13,Neutral,820.9,68.40833333333333,12,5,3,4,534,12,Potential Loyalist,Late 30s (35-39),High Spender,0.3571428571428571,0.6842105263157894,0.9259259259259259,62.58980785296575,0,Low Risk
289,Female,41,Chicago,Bronze,485.25,9,3.6,True,39,Unsatisfied,485.25,53.916666666666664,9,2,1,1,211,4,Hibernating,Mature (40+),Low Spender,0.1428571428571428,0.3157894736842104,0.4444444444444444,28.52130325814536,1,Medium Risk
290,Male,28,San Francisco,Gold,1500.1,21,4.9,False,10,Satisfied,1500.1,71.43333333333332,21,5,5,5,555,15,Champions,Young (< 30),Premium Spender,1.0,1.0,0.9814814814814815,99.44444444444444,0,Low Risk
291,Male,32,Miami,Silver,670.3,10,3.8,True,33,Unsatisfied,670.3,67.03,10,2,2,2,222,6,Hibernating,Early 30s (30-34),Medium Spender,0.2142857142857142,0.4210526315789471,0.5555555555555556,37.869674185463644,1,Medium Risk
292,Female,36,Houston,Bronze,460.5,8,3.1,False,19,Neutral,460.5,57.5625,8,4,1,1,411,6,New Customer,Late 30s (35-39),Low Spender,0.0714285714285714,0.05263157894736836,0.8148148148148148,28.880534670008352,0,Low Risk
293,Female,30,New York,Gold,1190.8,16,4.5,True,20,Satisfied,1190.8,74.425,16,4,4,4,444,12,Champions,Early 30s (30-34),Premium Spender,0.6428571428571428,0.7894736842105261,0.7962962962962963,73.28738512949037,1,Low Risk
294,Male,33,Los Angeles,Silver,830.75,13,4.2,False,14,Satisfied,830.75,63.90384615384615,13,5,3,4,534,12,Potential Loyalist,Early 30s (30-34),High Spender,0.4285714285714285,0.6315789473684208,0.9074074074074074,63.31244778613198,0,Low Risk
295,Female,42,Chicago,Bronze,520.4,9,3.5,True,37,Unsatisfied,520.4,57.82222222222222,9,2,1,2,212,5,Hibernating,Mature (40+),Medium Spender,0.1428571428571428,0.26315789473684204,0.4814814814814815,28.05346700083542,1,Medium Risk
296,Male,29,San Francisco,Gold,1370.2,18,4.7,False,10,Satisfied,1370.2,76.12222222222222,18,5,5,5,555,15,Champions,Young (< 30),Premium Spender,0.7857142857142856,0.8947368421052628,0.9814814814814815,87.71512113617376,0,Low Risk
297,Male,26,Miami,Silver,690.6,12,3.9,True,47,Unsatisfied,690.6,57.550000000000004,12,1,3,3,133,7,At Risk,Young (< 30),Medium Spender,0.3571428571428571,0.4736842105263155,0.2962962962962963,37.38512949039264,1,High Risk
298,Female,38,Houston,Bronze,440.9,8,3.2,False,24,Neutral,440.9,55.1125,8,3,1,1,311,5,Need Attention,Late 30s (35-39),Low Spender,0.0714285714285714,0.10526315789473695,0.7222222222222222,27.681704260651628,0,Low Risk
299,Female,32,New York,Gold,1160.3,14,4.4,True,22,Satisfied,1160.3,82.87857142857142,14,3,4,4,344,11,Loyal,Early 30s (30-34),High Spender,0.5,0.736842105263158,0.7592592592592593,64.88304093567253,1,Low Risk
300,Male,34,Los Angeles,Silver,800.2,11,4.1,False,17,Neutral,800.2,72.74545454545455,11,4,2,3,423,9,Potential Loyalist,Early 30s (30-34),High Spender,0.2857142857142857,0.5789473684210522,0.8518518518518519,54.35254803675855,0,Low Risk
301,Male,36,San Francisco,Gold,1420.8,19,4.6,False,11,Satisfied,1420.8,74.77894736842104,19,5,5,5,555,15,Champions,Late 30s (35-39),Premium Spender,0.857142857142857,0.8421052631578942,0.962962962962963,88.43776106934,0,Low Risk
302,Female,29,Miami,Silver,730.4,14,4.0,True,50,Unsatisfied,730.4,52.17142857142857,14,1,4,3,143,8,At Risk,Young (< 30),Medium Spender,0.5,0.5263157894736841,0.2407407407407408,43.01169590643275,1,High Risk
303,Female,35,Houston,Bronze,450.6,7,3.3,False,21,Neutral,450.6,64.37142857142858,7,3,1,1,311,5,Need Attention,Late 30s (35-39),Low Spender,0.0,0.1578947368421051,0.7777777777777778,28.070175438596483,0,Low Risk
304,Male,31,New York,Gold,1210.6,17,4.8,True,18,Satisfied,1210.6,71.21176470588235,17,4,5,5,455,14,Champions,Early 30s (30-34),Premium Spender,0.7142857142857142,0.9473684210526314,0.8333333333333334,81.9924812030075,1,Low Risk
305,Male,27,Los Angeles,Silver,780.9,11,4.2,False,16,Neutral,780.9,70.99090909090908,11,4,2,3,423,9,Potential Loyalist,Young (< 30),High Spender,0.2857142857142857,0.6315789473684208,0.8703703703703703,56.48705096073516,0,Low Risk
306,Female,42,Chicago,Bronze,495.25,10,3.5,True,35,Unsatisfied,495.25,49.525,10,2,2,2,222,6,Hibernating,Mature (40+),Low Spender,0.2142857142857142,0.26315789473684204,0.5185185185185185,32.02172096908939,1,Medium Risk
307,Male,29,San Francisco,Gold,1390.2,18,4.7,False,9,Satisfied,1390.2,77.23333333333333,18,5,5,5,555,15,Champions,Young (< 30),Premium Spender,0.7857142857142856,0.8947368421052628,1.0,88.27067669172932,0,Low Risk
308,Male,26,Miami,Silver,670.6,12,3.9,True,46,Unsatisfied,670.6,55.88333333333333,12,1,3,2,132,6,Need Attention,Young (< 30),Medium Spender,0.3571428571428571,0.4736842105263155,0.31481481481481477,37.9406850459482,1,High Risk
309,Female,38,Houston,Bronze,460.9,8,3.2,False,25,Neutral,460.9,57.6125,8,3,1,1,311,5,Need Attention,Late 30s (35-39),Low Spender,0.0714285714285714,0.10526315789473695,0.7037037037037037,27.126148705096075,0,Low Risk
310,Female,32,New York,Gold,1170.3,14,4.5,True,21,Satisfied,1170.3,83.59285714285714,14,3,4,4,344,11,Loyal,Early 30s (30-34),Premium Spender,0.5,0.7894736842105261,0.7777777777777778,67.01754385964911,1,Low Risk
311,Male,34,Los Angeles,Silver,810.2,11,4.0,False,14,Neutral,810.2,73.65454545454546,11,5,2,3,523,10,Potential Loyalist,Early 30s (30-34),High Spender,0.2857142857142857,0.5263157894736841,0.9074074074074074,54.44026733500418,0,Low Risk
312,Female,43,Chicago,Bronze,515.75,9,3.3,True,38,Unsatisfied,515.75,57.30555555555556,9,2,1,2,212,5,Hibernating,Mature (40+),Medium Spender,0.1428571428571428,0.1578947368421051,0.4629629629629629,24.34001670843775,1,Medium Risk
313,Male,30,San Francisco,Gold,1450.5,20,4.8,False,12,Satisfied,1450.5,72.525,20,5,5,5,555,15,Champions,Early 30s (30-34),Premium Spender,0.9285714285714284,0.9473684210526314,0.9444444444444444,93.89724310776941,0,Low Risk
314,Male,27,Miami,Silver,690.4,13,4.1,True,52,Unsatisfied,690.4,53.107692307692304,13,1,3,3,133,7,At Risk,Young (< 30),Medium Spender,0.4285714285714285,0.5789473684210522,0.20370370370370372,40.622389306599814,1,High Risk
315,Female,37,Houston,Bronze,420.8,7,3.4,False,24,Neutral,420.8,60.114285714285714,7,3,1,1,311,5,Need Attention,Late 30s (35-39),Low Spender,0.0,0.21052631578947367,0.7222222222222222,27.982456140350877,0,Low Risk
316,Female,31,New York,Gold,1130.6,15,4.5,True,26,Satisfied,1130.6,75.37333333333332,15,3,4,4,344,11,Loyal,Early 30s (30-34),High Spender,0.5714285714285714,0.7894736842105261,0.6851851851851852,67.0969089390142,1,Low Risk
317,Male,35,Los Angeles,Silver,820.9,12,4.3,False,13,Neutral,820.9,68.40833333333333,12,5,3,4,534,12,Potential Loyalist,Late 30s (35-39),High Spender,0.3571428571428571,0.6842105263157894,0.9259259259259259,62.58980785296575,0,Low Risk
318,Female,41,Chicago,Bronze,480.25,9,3.6,True,39,Unsatisfied,480.25,53.361111111111114,9,2,1,1,211,4,Hibernating,Mature (40+),Low Spender,0.1428571428571428,0.3157894736842104,0.4444444444444444,28.52130325814536,1,Medium Risk
319,Male,28,San Francisco,Gold,1490.1,21,4.9,False,9,Satisfied,1490.1,70.95714285714286,21,5,5,5,555,15,Champions,Young (< 30),Premium Spender,1.0,1.0,1.0,100.0,0,Low Risk
320,Male,32,Miami,Silver,680.3,10,3.8,True,32,Unsatisfied,680.3,68.03,10,2,2,2,222,6,Hibernating,Early 30s (30-34),Medium Spender,0.2142857142857142,0.4210526315789471,0.5740740740740741,38.42522974101921,1,Medium Risk
321,Female,36,Houston,Bronze,470.5,8,3.0,False,18,Neutral,470.5,58.8125,8,4,1,1,411,6,New Customer,Late 30s (35-39),Low Spender,0.0714285714285714,0.0,0.8333333333333334,27.857142857142858,0,Low Risk
322,Female,30,New York,Gold,1180.8,16,4.7,True,19,Satisfied,1180.8,73.8,16,4,4,4,444,12,Champions,Early 30s (30-34),Premium Spender,0.6428571428571428,0.8947368421052628,0.8148148148148148,77.00083542188804,1,Low Risk
323,Male,34,Los Angeles,Silver,790.2,11,4.0,False,15,Neutral,790.2,71.83636363636364,11,4,2,3,423,9,Potential Loyalist,Early 30s (30-34),High Spender,0.2857142857142857,0.5263157894736841,0.8888888888888888,53.88471177944862,0,Low Risk
324,Female,43,Chicago,Bronze,505.75,10,3.3,True,39,Unsatisfied,505.75,50.575,10,2,2,2,222,6,Hibernating,Mature (40+),Medium Spender,0.2142857142857142,0.1578947368421051,0.4444444444444444,26.641604010025056,1,Medium Risk
325,Male,30,San Francisco,Gold,1470.5,20,4.8,False,13,Satisfied,1470.5,73.525,20,5,5,5,555,15,Champions,Early 30s (30-34),Premium Spender,0.9285714285714284,0.9473684210526314,0.9259259259259259,93.34168755221386,0,Low Risk
326,Male,27,Miami,Silver,710.4,13,4.1,True,54,Unsatisfied,710.4,54.646153846153844,13,1,3,3,133,7,At Risk,Young (< 30),Medium Spender,0.4285714285714285,0.5789473684210522,0.16666666666666663,39.5112781954887,1,High Risk
327,Female,37,Houston,Bronze,430.8,7,3.4,False,23,Neutral,430.8,61.542857142857144,7,3,1,1,311,5,Need Attention,Late 30s (35-39),Low Spender,0.0,0.21052631578947367,0.7407407407407407,28.53801169590643,0,Low Risk
328,Female,31,New York,Gold,1140.6,15,4.5,True,27,Satisfied,1140.6,76.03999999999999,15,3,4,4,344,11,Loyal,Early 30s (30-34),High Spender,0.5714285714285714,0.7894736842105261,0.6666666666666666,66.54135338345864,1,Low Risk
329,Male,35,Los Angeles,Silver,820.9,12,4.3,False,13,Neutral,820.9,68.40833333333333,12,5,3,4,534,12,Potential Loyalist,Late 30s (35-39),High Spender,0.3571428571428571,0.6842105263157894,0.9259259259259259,62.58980785296575,0,Low Risk
330,Female,41,Chicago,Bronze,485.25,9,3.6,True,39,Unsatisfied,485.25,53.916666666666664,9,2,1,1,211,4,Hibernating,Mature (40+),Low Spender,0.1428571428571428,0.3157894736842104,0.4444444444444444,28.52130325814536,1,Medium Risk
331,Male,28,San Francisco,Gold,1500.1,21,4.9,False,10,Satisfied,1500.1,71.43333333333332,21,5,5,5,555,15,Champions,Young (< 30),Premium Spender,1.0,1.0,0.9814814814814815,99.44444444444444,0,Low Risk
332,Male,32,Miami,Silver,670.3,10,3.8,True,33,Unsatisfied,670.3,67.03,10,2,2,2,222,6,Hibernating,Early 30s (30-34),Medium Spender,0.2142857142857142,0.4210526315789471,0.5555555555555556,37.869674185463644,1,Medium Risk
333,Female,36,Houston,Bronze,460.5,8,3.1,False,19,Neutral,460.5,57.5625,8,4,1,1,411,6,New Customer,Late 30s (35-39),Low Spender,0.0714285714285714,0.05263157894736836,0.8148148148148148,28.880534670008352,0,Low Risk
334,Female,30,New York,Gold,1190.8,16,4.5,True,20,Satisfied,1190.8,74.425,16,4,4,4,444,12,Champions,Early 30s (30-34),Premium Spender,0.6428571428571428,0.7894736842105261,0.7962962962962963,73.28738512949037,1,Low Risk
335,Male,33,Los Angeles,Silver,830.75,13,4.2,False,14,Satisfied,830.75,63.90384615384615,13,5,3,4,534,12,Potential Loyalist,Early 30s (30-34),High Spender,0.4285714285714285,0.6315789473684208,0.9074074074074074,63.31244778613198,0,Low Risk
336,Female,42,Chicago,Bronze,520.4,9,3.5,True,37,Unsatisfied,520.4,57.82222222222222,9,2,1,2,212,5,Hibernating,Mature (40+),Medium Spender,0.1428571428571428,0.26315789473684204,0.4814814814814815,28.05346700083542,1,Medium Risk
337,Male,29,San Francisco,Gold,1370.2,18,4.7,False,10,Satisfied,1370.2,76.12222222222222,18,5,5,5,555,15,Champions,Young (< 30),Premium Spender,0.7857142857142856,0.8947368421052628,0.9814814814814815,87.71512113617376,0,Low Risk
338,Male,26,Miami,Silver,690.6,12,3.9,True,47,Unsatisfied,690.6,57.550000000000004,12,1,3,3,133,7,At Risk,Young (< 30),Medium Spender,0.3571428571428571,0.4736842105263155,0.2962962962962963,37.38512949039264,1,High Risk
339,Female,38,Houston,Bronze,440.9,8,3.2,False,24,Neutral,440.9,55.1125,8,3,1,1,311,5,Need Attention,Late 30s (35-39),Low Spender,0.0714285714285714,0.10526315789473695,0.7222222222222222,27.681704260651628,0,Low Risk
340,Female,32,New York,Gold,1160.3,14,4.4,True,22,Satisfied,1160.3,82.87857142857142,14,3,4,4,344,11,Loyal,Early 30s (30-34),High Spender,0.5,0.736842105263158,0.7592592592592593,64.88304093567253,1,Low Risk
341,Male,34,Los Angeles,Silver,800.2,11,4.1,False,17,Neutral,800.2,72.74545454545455,11,4,2,3,423,9,Potential Loyalist,Early 30s (30-34),High Spender,0.2857142857142857,0.5789473684210522,0.8518518518518519,54.35254803675855,0,Low Risk
342,Female,43,Chicago,Bronze,525.75,9,3.3,True,40,Unsatisfied,525.75,58.416666666666664,9,1,1,2,112,4,Hibernating,Mature (40+),Medium Spender,0.1428571428571428,0.1578947368421051,0.42592592592592593,23.22890559732664,1,Medium Risk
343,Male,30,San Francisco,Gold,1460.5,20,4.8,False,11,Satisfied,1460.5,73.025,20,5,5,5,555,15,Champions,Early 30s (30-34),Premium Spender,0.9285714285714284,0.9473684210526314,0.962962962962963,94.45279866332497,0,Low Risk
344,Male,27,Miami,Silver,720.4,13,4.0,True,55,Unsatisfied,720.4,55.41538461538461,13,1,3,3,133,7,At Risk,Young (< 30),Medium Spender,0.4285714285714285,0.5263157894736841,0.14814814814814825,37.37677527151211,1,High Risk
345,Female,37,Houston,Bronze,440.8,7,3.2,False,25,Neutral,440.8,62.971428571428575,7,3,1,1,311,5,Need Attention,Late 30s (35-39),Low Spender,0.0,0.10526315789473695,0.7037037037037037,24.269005847953217,0,Low Risk
346,Female,31,New York,Gold,1150.6,15,4.5,True,28,Satisfied,1150.6,76.70666666666666,15,2,4,4,244,10,Loyal,Early 30s (30-34),High Spender,0.5714285714285714,0.7894736842105261,0.6481481481481481,65.98579782790308,1,Low Risk
347,Male,35,Los Angeles,Silver,830.9,12,4.3,False,14,Neutral,830.9,69.24166666666666,12,5,3,4,534,12,Potential Loyalist,Late 30s (35-39),High Spender,0.3571428571428571,0.6842105263157894,0.9074074074074074,62.034252297410184,0,Low Risk
348,Female,41,Chicago,Bronze,490.25,9,3.6,True,40,Unsatisfied,490.25,54.47222222222222,9,1,1,2,112,4,Hibernating,Mature (40+),Low Spender,0.1428571428571428,0.3157894736842104,0.42592592592592593,27.9657477025898,1,Medium Risk
349,Male,28,San Francisco,Gold,1480.1,21,4.9,False,10,Satisfied,1480.1,70.48095238095237,21,5,5,5,555,15,Champions,Young (< 30),Premium Spender,1.0,1.0,0.9814814814814815,99.44444444444444,0,Low Risk
350,Male,32,Miami,Silver,690.3,10,3.8,True,34,Unsatisfied,690.3,69.03,10,2,2,2,222,6,Hibernating,Early 30s (30-34),Medium Spender,0.2142857142857142,0.4210526315789471,0.5370370370370371,37.314118629908094,1,Medium Risk
351,Female,36,Houston,Bronze,480.5,8,3.1,False,20,Neutral,480.5,60.0625,8,4,1,1,411,6,New Customer,Late 30s (35-39),Low Spender,0.0714285714285714,0.05263157894736836,0.7962962962962963,28.3249791144528,0,Low Risk
352,Female,30,New York,Gold,1170.8,16,4.7,True,21,Satisfied,1170.8,73.175,16,3,4,4,344,11,Loyal,Early 30s (30-34),Premium Spender,0.6428571428571428,0.8947368421052628,0.7777777777777778,75.88972431077694,1,Low Risk
353,Male,34,Los Angeles,Silver,790.2,11,4.0,False,15,Neutral,790.2,71.83636363636364,11,4,2,3,423,9,Potential Loyalist,Early 30s (30-34),High Spender,0.2857142857142857,0.5263157894736841,0.8888888888888888,53.88471177944862,0,Low Risk
354,Female,43,Chicago,Bronze,510.75,10,3.3,True,41,Unsatisfied,510.75,51.075,10,1,2,2,122,5,Hibernating,Mature (40+),Medium Spender,0.2142857142857142,0.1578947368421051,0.40740740740740744,25.53049289891395,1,High Risk
355,Male,30,San Francisco,Gold,1440.5,19,4.6,False,12,Satisfied,1440.5,75.8157894736842,19,5,5,5,555,15,Champions,Early 30s (30-34),Premium Spender,0.857142857142857,0.8421052631578942,0.9444444444444444,87.88220551378444,0,Low Risk
356,Male,27,Miami,Silver,700.4,13,4.1,True,56,Unsatisfied,700.4,53.87692307692308,13,1,3,3,133,7,At Risk,Young (< 30),Medium Spender,0.4285714285714285,0.5789473684210522,0.12962962962962965,38.40016708437759,1,High Risk
357,Female,37,Houston,Bronze,410.8,7,3.4,False,26,Neutral,410.8,58.68571428571429,7,3,1,1,311,5,Need Attention,Late 30s (35-39),Low Spender,0.0,0.21052631578947367,0.6851851851851852,26.87134502923977,0,Low Risk
358,Female,31,New York,Gold,1160.6,15,4.5,True,29,Satisfied,1160.6,77.37333333333332,15,2,4,4,244,10,Loyal,Early 30s (30-34),Premium Spender,0.5714285714285714,0.7894736842105261,0.6296296296296297,65.43024227234753,1,Low Risk
359,Male,35,Los Angeles,Silver,810.9,12,4.3,False,14,Neutral,810.9,67.575,12,5,3,3,533,11,Potential Loyalist,Late 30s (35-39),High Spender,0.3571428571428571,0.6842105263157894,0.9074074074074074,62.034252297410184,0,Low Risk
360,Female,41,Chicago,Bronze,495.25,9,3.6,True,41,Unsatisfied,495.25,55.02777777777778,9,1,1,2,112,4,Hibernating,Mature (40+),Low Spender,0.1428571428571428,0.3157894736842104,0.40740740740740744,27.410192147034245,1,High Risk
361,Male,28,San Francisco,Gold,1490.1,21,4.9,False,10,Satisfied,1490.1,70.95714285714286,21,5,5,5,555,15,Champions,Young (< 30),Premium Spender,1.0,1.0,0.9814814814814815,99.44444444444444,0,Low Risk
362,Male,32,Miami,Silver,660.3,10,3.8,True,35,Unsatisfied,660.3,66.03,10,2,2,2,222,6,Hibernating,Early 30s (30-34),Medium Spender,0.2142857142857142,0.4210526315789471,0.5185185185185185,36.75856307435254,1,Medium Risk
363,Female,36,Houston,Bronze,430.5,8,3.1,False,21,Neutral,430.5,53.8125,8,3,1,1,311,5,Need Attention,Late 30s (35-39),Low Spender,0.0714285714285714,0.05263157894736836,0.7777777777777778,27.769423558897245,0,Low Risk
364,Female,30,New York,Gold,1200.8,16,4.7,True,22,Satisfied,1200.8,75.05,16,3,4,5,345,12,Loyal,Early 30s (30-34),Premium Spender,0.6428571428571428,0.8947368421052628,0.7592592592592593,75.33416875522137,1,Low Risk
365,Male,34,Los Angeles,Silver,780.2,11,4.1,False,16,Neutral,780.2,70.92727272727274,11,4,2,3,423,9,Potential Loyalist,Early 30s (30-34),High Spender,0.2857142857142857,0.5789473684210522,0.8703703703703703,54.908103592314106,0,Low Risk
366,Female,43,Chicago,Bronze,505.75,10,3.3,True,42,Unsatisfied,505.75,50.575,10,1,2,2,122,5,Hibernating,Mature (40+),Medium Spender,0.2142857142857142,0.1578947368421051,0.38888888888888895,24.974937343358388,1,High Risk
367,Male,30,San Francisco,Gold,1460.5,20,4.8,False,13,Satisfied,1460.5,73.025,20,5,5,5,555,15,Champions,Early 30s (30-34),Premium Spender,0.9285714285714284,0.9473684210526314,0.9259259259259259,93.34168755221386,0,Low Risk
368,Male,27,Miami,Silver,710.4,13,4.1,True,57,Unsatisfied,710.4,54.646153846153844,13,1,3,3,133,7,At Risk,Young (< 30),Medium Spender,0.4285714285714285,0.5789473684210522,0.11111111111111105,37.844611528822035,1,High Risk
369,Female,37,Houston,Bronze,450.8,7,3.4,False,24,Neutral,450.8,64.4,7,3,1,1,311,5,Need Attention,Late 30s (35-39),Low Spender,0.0,0.21052631578947367,0.7222222222222222,27.982456140350877,0,Low Risk
370,Female,31,New York,Gold,1140.6,15,4.5,True,30,Satisfied,1140.6,76.03999999999999,15,2,4,4,244,10,Loyal,Early 30s (30-34),High Spender,0.5714285714285714,0.7894736842105261,0.611111111111111,64.87468671679197,1,Low Risk
371,Male,35,Los Angeles,Silver,800.9,12,4.1,False,17,Neutral,800.9,66.74166666666666,12,4,3,3,433,10,Potential Loyalist,Late 30s (35-39),High Spender,0.3571428571428571,0.5789473684210522,0.8518518518518519,57.209690893901396,0,Low Risk
372,Female,41,Chicago,Bronze,475.25,9,3.6,True,42,Unsatisfied,475.25,52.80555555555556,9,1,1,1,111,3,Hibernating,Mature (40+),Low Spender,0.1428571428571428,0.3157894736842104,0.38888888888888895,26.85463659147869,1,High Risk
373,Male,28,San Francisco,Gold,1480.1,21,4.9,False,11,Satisfied,1480.1,70.48095238095237,21,5,5,5,555,15,Champions,Young (< 30),Premium Spender,1.0,1.0,0.962962962962963,98.88888888888889,0,Low Risk
374,Male,32,Miami,Silver,660.3,10,3.8,True,36,Unsatisfied,660.3,66.03,10,2,2,2,222,6,Hibernating,Early 30s (30-34),Medium Spender,0.2142857142857142,0.4210526315789471,0.5,36.20300751879698,1,Medium Risk
375,Female,36,Houston,Bronze,470.5,8,3.0,False,22,Neutral,470.5,58.8125,8,3,1,1,311,5,Need Attention,Late 30s (35-39),Low Spender,0.0714285714285714,0.0,0.7592592592592593,25.634920634920633,0,Low Risk
376,Female,30,New York,Gold,1190.8,16,4.5,True,23,Satisfied,1190.8,74.425,16,3,4,4,344,11,Loyal,Early 30s (30-34),Premium Spender,0.6428571428571428,0.7894736842105261,0.7407407407407407,71.62071846282372,1,Low Risk
377,Male,33,Los Angeles,Silver,770.2,11,4.2,False,18,Neutral,770.2,70.01818181818182,11,4,2,3,423,9,Potential Loyalist,Early 30s (30-34),Medium Spender,0.2857142857142857,0.6315789473684208,0.8333333333333334,55.375939849624054,0,Low Risk
378,Female,43,Chicago,Bronze,515.75,10,3.3,True,43,Unsatisfied,515.75,51.575,10,1,2,2,122,5,Hibernating,Mature (40+),Medium Spender,0.2142857142857142,0.1578947368421051,0.37037037037037035,24.419381787802834,1,High Risk
379,Male,30,San Francisco,Gold,1450.5,19,4.6,False,12,Satisfied,1450.5,76.34210526315789,19,5,5,5,555,15,Champions,Early 30s (30-34),Premium Spender,0.857142857142857,0.8421052631578942,0.9444444444444444,87.88220551378444,0,Low Risk
380,Male,27,Miami,Silver,710.4,13,4.1,True,58,Unsatisfied,710.4,54.646153846153844,13,1,3,3,133,7,At Risk,Young (< 30),Medium Spender,0.4285714285714285,0.5789473684210522,0.09259259259259267,37.289055973266485,1,High Risk
381,Female,37,Houston,Bronze,430.8,7,3.4,False,27,Neutral,430.8,61.542857142857144,7,3,1,1,311,5,Need Attention,Late 30s (35-39),Low Spender,0.0,0.21052631578947367,0.6666666666666666,26.31578947368421,0,Low Risk
382,Female,31,New York,Gold,1160.6,15,4.5,True,31,Satisfied,1160.6,77.37333333333332,15,2,4,4,244,10,Loyal,Early 30s (30-34),Premium Spender,0.5714285714285714,0.7894736842105261,0.5925925925925926,64.31913116123641,1,Medium Risk
383,Male,35,Los Angeles,Silver,820.9,12,4.3,False,15,Neutral,820.9,68.40833333333333,12,4,3,4,434,11,Potential Loyalist,Late 30s (35-39),High Spender,0.3571428571428571,0.6842105263157894,0.8888888888888888,61.478696741854634,0,Low Risk
384,Female,41,Chicago,Bronze,495.25,9,3.6,True,43,Unsatisfied,495.25,55.02777777777778,9,1,1,2,112,4,Hibernating,Mature (40+),Low Spender,0.1428571428571428,0.3157894736842104,0.37037037037037035,26.299081035923134,1,High Risk
385,Male,28,San Francisco,Gold,1490.1,21,4.9,False,10,Satisfied,1490.1,70.95714285714286,21,5,5,5,555,15,Champions,Young (< 30),Premium Spender,1.0,1.0,0.9814814814814815,99.44444444444444,0,Low Risk
386,Male,32,Miami,Silver,660.3,10,3.8,True,37,Unsatisfied,660.3,66.03,10,2,2,2,222,6,Hibernating,Early 30s (30-34),Medium Spender,0.2142857142857142,0.4210526315789471,0.4814814814814815,35.64745196324143,1,Medium Risk
387,Female,36,Houston,Bronze,440.5,8,3.1,False,23,Neutral,440.5,55.0625,8,3,1,1,311,5,Need Attention,Late 30s (35-39),Low Spender,0.0714285714285714,0.05263157894736836,0.7407407407407407,26.658312447786127,0,Low Risk
388,Female,30,New York,Gold,1200.8,16,4.7,True,24,Satisfied,1200.8,75.05,16,3,4,5,345,12,Loyal,Early 30s (30-34),Premium Spender,0.6428571428571428,0.8947368421052628,0.7222222222222222,74.22305764411027,1,Low Risk
389,Male,34,Los Angeles,Silver,780.2,11,4.1,False,16,Neutral,780.2,70.92727272727274,11,4,2,3,423,9,Potential Loyalist,Early 30s (30-34),High Spender,0.2857142857142857,0.5789473684210522,0.8703703703703703,54.908103592314106,0,Low Risk
390,Female,43,Chicago,Bronze,505.75,10,3.3,True,44,Unsatisfied,505.75,50.575,10,1,2,2,122,5,Hibernating,Mature (40+),Medium Spender,0.2142857142857142,0.1578947368421051,0.35185185185185186,23.863826232247277,1,High Risk
391,Male,30,San Francisco,Gold,1460.5,20,4.8,False,13,Satisfied,1460.5,73.025,20,5,5,5,555,15,Champions,Early 30s (30-34),Premium Spender,0.9285714285714284,0.9473684210526314,0.9259259259259259,93.34168755221386,0,Low Risk
392,Male,27,Miami,Silver,710.4,13,4.1,True,59,Unsatisfied,710.4,54.646153846153844,13,1,3,3,133,7,At Risk,Young (< 30),Medium Spender,0.4285714285714285,0.5789473684210522,0.07407407407407407,36.73350041771092,1,High Risk
393,Female,37,Houston,Bronze,450.8,7,3.4,False,28,Neutral,450.8,64.4,7,2,1,1,211,4,Hibernating,Late 30s (35-39),Low Spender,0.0,0.21052631578947367,0.6481481481481481,25.760233918128655,0,Low Risk
394,Female,31,New York,Gold,1140.6,15,4.5,True,32,Satisfied,1140.6,76.03999999999999,15,2,4,4,244,10,Loyal,Early 30s (30-34),High Spender,0.5714285714285714,0.7894736842105261,0.5740740740740741,63.76357560568087,1,Medium Risk
395,Male,35,Los Angeles,Silver,800.9,12,4.1,False,17,Neutral,800.9,66.74166666666666,12,4,3,3,433,10,Potential Loyalist,Late 30s (35-39),High Spender,0.3571428571428571,0.5789473684210522,0.8518518518518519,57.209690893901396,0,Low Risk
396,Female,41,Chicago,Bronze,475.25,9,3.6,True,44,Unsatisfied,475.25,52.80555555555556,9,1,1,1,111,3,Hibernating,Mature (40+),Low Spender,0.1428571428571428,0.3157894736842104,0.35185185185185186,25.74352548036758,1,High Risk
397,Male,28,San Francisco,Gold,1480.1,21,4.9,False,12,Satisfied,1480.1,70.48095238095237,21,5,5,5,555,15,Champions,Young (< 30),Premium Spender,1.0,1.0,0.9444444444444444,98.33333333333333,0,Low Risk
398,Male,32,Miami,Silver,660.3,10,3.8,True,38,Unsatisfied,660.3,66.03,10,2,2,2,222,6,Hibernating,Early 30s (30-34),Medium Spender,0.2142857142857142,0.4210526315789471,0.4629629629629629,35.091896407685866,1,Medium Risk
399,Female,36,Houston,Bronze,470.5,8,3.0,False,22,Neutral,470.5,58.8125,8,3,1,1,311,5,Need Attention,Late 30s (35-39),Low Spender,0.0714285714285714,0.0,0.7592592592592593,25.634920634920633,0,Low Risk
400,Female,30,New York,Gold,1190.8,16,4.5,True,25,Satisfied,1190.8,74.425,16,3,4,4,344,11,Loyal,Early 30s (30-34),Premium Spender,0.6428571428571428,0.7894736842105261,0.7037037037037037,70.50960735171262,1,Low Risk
401,Male,33,Los Angeles,Silver,800.2,11,4.1,False,18,Neutral,800.2,72.74545454545455,11,4,2,3,423,9,Potential Loyalist,Early 30s (30-34),High Spender,0.2857142857142857,0.5789473684210522,0.8333333333333334,53.796992481203,0,Low Risk
402,Female,43,Chicago,Bronze,515.75,10,3.3,True,45,Unsatisfied,515.75,51.575,10,1,2,2,122,5,Hibernating,Mature (40+),Medium Spender,0.2142857142857142,0.1578947368421051,0.33333333333333337,23.308270676691723,1,High Risk
403,Male,30,San Francisco,Gold,1450.5,19,4.6,False,13,Satisfied,1450.5,76.34210526315789,19,5,5,5,555,15,Champions,Early 30s (30-34),Premium Spender,0.857142857142857,0.8421052631578942,0.9259259259259259,87.32664995822888,0,Low Risk
404,Male,27,Miami,Silver,710.4,13,4.1,True,60,Unsatisfied,710.4,54.646153846153844,13,1,3,3,133,7,At Risk,Young (< 30),Medium Spender,0.4285714285714285,0.5789473684210522,0.05555555555555547,36.17794486215537,1,High Risk
405,Female,37,Houston,Bronze,430.8,7,3.4,False,29,Neutral,430.8,61.542857142857144,7,2,1,1,211,4,Hibernating,Late 30s (35-39),Low Spender,0.0,0.21052631578947367,0.6296296296296297,25.204678362573098,0,Low Risk
406,Female,31,New York,Gold,1160.6,15,4.5,True,33,Satisfied,1160.6,77.37333333333332,15,2,4,4,244,10,Loyal,Early 30s (30-34),Premium Spender,0.5714285714285714,0.7894736842105261,0.5555555555555556,63.2080200501253,1,Medium Risk
407,Male,35,Los Angeles,Silver,820.9,12,4.3,False,16,Neutral,820.9,68.40833333333333,12,4,3,4,434,11,Potential Loyalist,Late 30s (35-39),High Spender,0.3571428571428571,0.6842105263157894,0.8703703703703703,60.92314118629907,0,Low Risk
408,Female,41,Chicago,Bronze,495.25,9,3.6,True,45,Unsatisfied,495.25,55.02777777777778,9,1,1,2,112,4,Hibernating,Mature (40+),Low Spender,0.1428571428571428,0.3157894736842104,0.33333333333333337,25.187969924812027,1,High Risk
409,Male,28,San Francisco,Gold,1490.1,21,4.9,False,11,Satisfied,1490.1,70.95714285714286,21,5,5,5,555,15,Champions,Young (< 30),Premium Spender,1.0,1.0,0.962962962962963,98.88888888888889,0,Low Risk
410,Male,32,Miami,Silver,660.3,10,3.8,True,39,Unsatisfied,660.3,66.03,10,2,2,2,222,6,Hibernating,Early 30s (30-34),Medium Spender,0.2142857142857142,0.4210526315789471,0.4444444444444444,34.536340852130316,1,Medium Risk
411,Female,36,Houston,Bronze,440.5,8,3.1,False,24,Neutral,440.5,55.0625,8,3,1,1,311,5,Need Attention,Late 30s (35-39),Low Spender,0.0714285714285714,0.05263157894736836,0.7222222222222222,26.102756892230573,0,Low Risk
412,Female,30,New York,Gold,1200.8,16,4.7,True,25,Satisfied,1200.8,75.05,16,3,4,5,345,12,Loyal,Early 30s (30-34),Premium Spender,0.6428571428571428,0.8947368421052628,0.7037037037037037,73.66750208855471,1,Low Risk
413,Male,34,Los Angeles,Silver,780.2,11,4.1,False,17,Neutral,780.2,70.92727272727274,11,4,2,3,423,9,Potential Loyalist,Early 30s (30-34),High Spender,0.2857142857142857,0.5789473684210522,0.8518518518518519,54.35254803675855,0,Low Risk
414,Female,43,Chicago,Bronze,505.75,10,3.3,True,46,Unsatisfied,505.75,50.575,10,1,2,2,122,5,Hibernating,Mature (40+),Medium Spender,0.2142857142857142,0.1578947368421051,0.31481481481481477,22.752715121136163,1,High Risk
415,Male,30,San Francisco,Gold,1460.5,20,4.8,False,14,Satisfied,1460.5,73.025,20,5,5,5,555,15,Champions,Early 30s (30-34),Premium Spender,0.9285714285714284,0.9473684210526314,0.9074074074074074,92.7861319966583,0,Low Risk
416,Male,27,Miami,Silver,710.4,13,4.1,True,61,Unsatisfied,710.4,54.646153846153844,13,1,3,3,133,7,At Risk,Young (< 30),Medium Spender,0.4285714285714285,0.5789473684210522,0.03703703703703709,35.622389306599814,1,High Risk
417,Female,37,Houston,Bronze,450.8,7,3.4,False,30,Neutral,450.8,64.4,7,2,1,1,211,4,Hibernating,Late 30s (35-39),Low Spender,0.0,0.21052631578947367,0.611111111111111,24.64912280701754,0,Low Risk
418,Female,31,New York,Gold,1140.6,15,4.5,True,34,Satisfied,1140.6,76.03999999999999,15,2,4,4,244,10,Loyal,Early 30s (30-34),High Spender,0.5714285714285714,0.7894736842105261,0.5370370370370371,62.65246449456975,1,Medium Risk
419,Male,35,Los Angeles,Silver,800.9,12,4.1,False,19,Neutral,800.9,66.74166666666666,12,4,3,3,433,10,Potential Loyalist,Late 30s (35-39),High Spender,0.3571428571428571,0.5789473684210522,0.8148148148148148,56.098579782790296,0,Low Risk
420,Female,41,Chicago,Bronze,475.25,9,3.6,True,46,Unsatisfied,475.25,52.80555555555556,9,1,1,1,111,3,Hibernating,Mature (40+),Low Spender,0.1428571428571428,0.3157894736842104,0.31481481481481477,24.632414369256466,1,High Risk
421,Male,28,San Francisco,Gold,1480.1,21,4.9,False,12,Satisfied,1480.1,70.48095238095237,21,5,5,5,555,15,Champions,Young (< 30),Premium Spender,1.0,1.0,0.9444444444444444,98.33333333333333,0,Low Risk
422,Male,32,Miami,Silver,660.3,10,3.8,True,40,Unsatisfied,660.3,66.03,10,1,2,2,122,5,Hibernating,Early 30s (30-34),Medium Spender,0.2142857142857142,0.4210526315789471,0.42592592592592593,33.98078529657476,1,Medium Risk
423,Female,36,Houston,Bronze,470.5,8,3.0,False,26,Neutral,470.5,58.8125,8,3,1,1,311,5,Need Attention,Late 30s (35-39),Low Spender,0.0714285714285714,0.0,0.6851851851851852,23.41269841269841,0,Low Risk
424,Female,30,New York,Gold,1190.8,16,4.5,True,27,Satisfied,1190.8,74.425,16,3,4,4,344,11,Loyal,Early 30s (30-34),Premium Spender,0.6428571428571428,0.7894736842105261,0.6666666666666666,69.39849624060149,1,Low Risk
425,Male,34,Los Angeles,Silver,780.2,11,4.2,False,18,Neutral,780.2,70.92727272727274,11,4,2,3,423,9,Potential Loyalist,Early 30s (30-34),High Spender,0.2857142857142857,0.6315789473684208,0.8333333333333334,55.375939849624054,0,Low Risk
426,Female,43,Chicago,Bronze,515.75,10,3.3,True,47,Unsatisfied,515.75,51.575,10,1,2,2,122,5,Hibernating,Mature (40+),Medium Spender,0.2142857142857142,0.1578947368421051,0.2962962962962963,22.19715956558061,1,High Risk
427,Male,30,San Francisco,Gold,1450.5,19,4.6,False,14,Satisfied,1450.5,76.34210526315789,19,5,5,5,555,15,Champions,Early 30s (30-34),Premium Spender,0.857142857142857,0.8421052631578942,0.9074074074074074,86.77109440267333,0,Low Risk
428,Male,27,Miami,Silver,710.4,13,4.1,True,62,Unsatisfied,710.4,54.646153846153844,13,1,3,3,133,7,At Risk,Young (< 30),Medium Spender,0.4285714285714285,0.5789473684210522,0.01851851851851849,35.06683375104426,1,High Risk
429,Female,37,Houston,Bronze,430.8,7,3.4,False,31,Neutral,430.8,61.542857142857144,7,2,1,1,211,4,Hibernating,Late 30s (35-39),Low Spender,0.0,0.21052631578947367,0.5925925925925926,24.093567251461984,0,Medium Risk
430,Female,31,New York,Gold,1160.6,15,4.5,True,35,Satisfied,1160.6,77.37333333333332,15,2,4,4,244,10,Loyal,Early 30s (30-34),Premium Spender,0.5714285714285714,0.7894736842105261,0.5185185185185185,62.09690893901419,1,Medium Risk
431,Male,35,Los Angeles,Silver,820.9,12,4.3,False,20,Neutral,820.9,68.40833333333333,12,4,3,4,434,11,Potential Loyalist,Late 30s (35-39),High Spender,0.3571428571428571,0.6842105263157894,0.7962962962962963,58.700918964076855,0,Low Risk
432,Female,41,Chicago,Bronze,495.25,9,3.6,True,47,Unsatisfied,495.25,55.02777777777778,9,1,1,2,112,4,Hibernating,Mature (40+),Low Spender,0.1428571428571428,0.3157894736842104,0.2962962962962963,24.07685881370091,1,High Risk
433,Male,28,San Francisco,Gold,1490.1,21,4.9,False,11,Satisfied,1490.1,70.95714285714286,21,5,5,5,555,15,Champions,Young (< 30),Premium Spender,1.0,1.0,0.962962962962963,98.88888888888889,0,Low Risk
434,Male,32,Miami,Silver,660.3,10,3.8,True,41,Unsatisfied,660.3,66.03,10,1,2,2,122,5,Hibernating,Early 30s (30-34),Medium Spender,0.2142857142857142,0.4210526315789471,0.40740740740740744,33.4252297410192,1,High Risk
435,Female,36,Houston,Bronze,440.5,8,3.1,False,28,Neutral,440.5,55.0625,8,2,1,1,211,4,Hibernating,Late 30s (35-39),Low Spender,0.0714285714285714,0.05263157894736836,0.6481481481481481,23.880534670008352,0,Low Risk
436,Female,30,New York,Gold,1200.8,16,4.7,True,28,Satisfied,1200.8,75.05,16,2,4,5,245,11,Loyal,Early 30s (30-34),Premium Spender,0.6428571428571428,0.8947368421052628,0.6481481481481481,72.00083542188804,1,Low Risk
437,Male,34,Los Angeles,Silver,780.2,11,4.1,False,19,Neutral,780.2,70.92727272727274,11,4,2,3,423,9,Potential Loyalist,Early 30s (30-34),High Spender,0.2857142857142857,0.5789473684210522,0.8148148148148148,53.241436925647434,0,Low Risk
438,Female,43,Chicago,Bronze,505.75,10,3.3,True,48,Unsatisfied,505.75,50.575,10,1,2,2,122,5,Hibernating,Mature (40+),Medium Spender,0.2142857142857142,0.1578947368421051,0.2777777777777778,21.641604010025056,1,High Risk
439,Male,30,San Francisco,Gold,1460.5,20,4.8,False,15,Satisfied,1460.5,73.025,20,4,5,5,455,14,Champions,Early 30s (30-34),Premium Spender,0.9285714285714284,0.9473684210526314,0.8888888888888888,92.23057644110276,0,Low Risk
440,Male,27,Miami,Silver,710.4,13,4.1,True,63,Unsatisfied,710.4,54.646153846153844,13,1,3,3,133,7,At Risk,Young (< 30),Medium Spender,0.4285714285714285,0.5789473684210522,1.1102230246251565e-16,34.51127819548871,1,High Risk
441,Female,37,Houston,Bronze,450.8,7,3.4,False,32,Neutral,450.8,64.4,7,2,1,1,211,4,Hibernating,Late 30s (35-39),Low Spender,0.0,0.21052631578947367,0.5740740740740741,23.53801169590643,0,Medium Risk
442,Female,31,New York,Gold,1140.6,15,4.5,True,36,Satisfied,1140.6,76.03999999999999,15,2,4,4,244,10,Loyal,Early 30s (30-34),High Spender,0.5714285714285714,0.7894736842105261,0.5,61.54135338345864,1,Medium Risk
443,Male,35,Los Angeles,Silver,800.9,12,4.1,False,20,Neutral,800.9,66.74166666666666,12,4,3,3,433,10,Potential Loyalist,Late 30s (35-39),High Spender,0.3571428571428571,0.5789473684210522,0.7962962962962963,55.54302422723474,0,Low Risk
444,Female,41,Chicago,Bronze,475.25,9,3.6,True,48,Unsatisfied,475.25,52.80555555555556,9,1,1,1,111,3,Hibernating,Mature (40+),Low Spender,0.1428571428571428,0.3157894736842104,0.2777777777777778,23.521303258145355,1,High Risk
445,Male,28,San Francisco,Gold,1480.1,21,4.9,False,13,Satisfied,1480.1,70.48095238095237,21,5,5,5,555,15,Champions,Young (< 30),Premium Spender,1.0,1.0,0.9259259259259259,97.77777777777777,0,Low Risk
446,Male,32,Miami,Silver,660.3,10,3.8,True,42,Unsatisfied,660.3,66.03,10,1,2,2,122,5,Hibernating,Early 30s (30-34),Medium Spender,0.2142857142857142,0.4210526315789471,0.38888888888888895,32.86967418546365,1,High Risk
447,Female,36,Houston,Bronze,470.5,8,3.0,False,27,Neutral,470.5,58.8125,8,3,1,1,311,5,Need Attention,Late 30s (35-39),Low Spender,0.0714285714285714,0.0,0.6666666666666666,22.857142857142854,0,Low Risk
448,Female,30,New York,Gold,1190.8,16,4.5,True,28,Satisfied,1190.8,74.425,16,2,4,4,244,10,Loyal,Early 30s (30-34),Premium Spender,0.6428571428571428,0.7894736842105261,0.6481481481481481,68.84294068504595,1,Low Risk
449,Male,34,Los Angeles,Silver,780.2,11,4.2,False,21,Neutral,780.2,70.92727272727274,11,3,2,3,323,8,Need Attention,Early 30s (30-34),High Spender,0.2857142857142857,0.6315789473684208,0.7777777777777778,53.70927318295738,0,Low Risk
450,Female,43,Chicago,Bronze,515.75,10,3.3,True,49,Unsatisfied,515.75,51.575,10,1,2,2,122,5,Hibernating,Mature (40+),Medium Spender,0.2142857142857142,0.1578947368421051,0.2592592592592593,21.086048454469502,1,High Risk
